combined_index,source_run,source_index,timestamp,bit,p0,p1,confidence,model,elapsed_ms,input_tokens,output_tokens
1,random-bits-20260922-094842-551239,1,2026-09-22T09:48:42.556803+08:00,0,0.69,0.31,0.38,jev-1.13.0,2059.66,310,31
2,random-bits-20260922-094842-551239,2,2026-09-22T09:48:44.617165+08:00,0,0.71,0.29,0.42,jev-1.13.0,342.44,310,31
3,random-bits-20260922-094842-551239,3,2026-09-22T09:48:44.959946+08:00,0,0.67,0.33,0.35,jev-1.13.0,369.48,310,31
4,random-bits-20260922-094842-551239,4,2026-09-22T09:48:45.331046+08:00,0,0.7,0.3,0.39,jev-1.13.0,628.66,310,31
5,random-bits-20260922-094842-551239,5,2026-09-22T09:48:45.960041+08:00,0,0.67,0.33,0.34,jev-1.13.0,361.27,310,31
6,random-bits-20260922-094842-551239,6,2026-09-22T09:48:46.321561+08:00,0,0.69,0.31,0.38,jev-1.13.0,642.27,310,31
7,random-bits-20260922-094842-551239,7,2026-09-22T09:48:46.964184+08:00,0,0.71,0.29,0.43,jev-1.13.0,334.39,310,31
8,random-bits-20260922-094842-551239,8,2026-09-22T09:48:47.298924+08:00,0,0.69,0.31,0.38,jev-1.13.0,365.07,310,31
9,random-bits-20260922-094842-551239,9,2026-09-22T09:48:47.664256+08:00,0,0.68,0.32,0.36,jev-1.13.0,352.42,310,31
10,random-bits-20260922-094842-551239,10,2026-09-22T09:48:48.018460+08:00,0,0.69,0.31,0.39,jev-1.13.0,343.43,310,31
11,random-bits-20260922-094842-551239,11,2026-09-22T09:48:48.362128+08:00,0,0.68,0.32,0.37,jev-1.13.0,349.31,310,31
12,random-bits-20260922-094842-551239,12,2026-09-22T09:48:48.711689+08:00,0,0.68,0.32,0.37,jev-1.13.0,363.68,310,31
13,random-bits-20260922-094842-551239,13,2026-09-22T09:48:49.075698+08:00,0,0.69,0.31,0.37,jev-1.13.0,1105.64,310,31
14,random-bits-20260922-094842-551239,14,2026-09-22T09:48:50.181618+08:00,0,0.7,0.3,0.4,jev-1.13.0,365.0,310,31
15,random-bits-20260922-094842-551239,15,2026-09-22T09:48:50.546963+08:00,0,0.72,0.28,0.44,jev-1.13.0,638.78,310,31
16,random-bits-20260922-094842-551239,16,2026-09-22T09:48:51.185991+08:00,0,0.69,0.31,0.39,jev-1.13.0,367.23,310,31
17,random-bits-20260922-094842-551239,17,2026-09-22T09:48:51.553474+08:00,0,0.7,0.3,0.4,jev-1.13.0,387.51,310,31
18,random-bits-20260922-094842-551239,18,2026-09-22T09:48:51.941221+08:00,0,0.69,0.31,0.39,jev-1.13.0,359.66,310,31
19,random-bits-20260922-094842-551239,19,2026-09-22T09:48:52.301133+08:00,0,0.68,0.32,0.35,jev-1.13.0,366.81,310,31
20,random-bits-20260922-094842-551239,20,2026-09-22T09:48:52.668188+08:00,0,0.7,0.3,0.41,jev-1.13.0,365.26,310,31
21,random-bits-20260922-094842-551239,21,2026-09-22T09:48:53.033725+08:00,0,0.66,0.34,0.33,jev-1.13.0,344.8,310,31
22,random-bits-20260922-094842-551239,22,2026-09-22T09:48:53.378933+08:00,0,0.67,0.33,0.34,jev-1.13.0,397.75,310,31
23,random-bits-20260922-094842-551239,23,2026-09-22T09:48:53.776931+08:00,0,0.7,0.3,0.4,jev-1.13.0,432.08,310,31
24,random-bits-20260922-094842-551239,24,2026-09-22T09:48:54.209351+08:00,0,0.69,0.31,0.38,jev-1.13.0,1964.55,310,31
25,random-bits-20260922-094842-551239,25,2026-09-22T09:48:56.174236+08:00,0,0.67,0.33,0.34,jev-1.13.0,768.36,310,31
26,random-bits-20260922-094842-551239,26,2026-09-22T09:48:56.942895+08:00,0,0.66,0.34,0.33,jev-1.13.0,1081.85,310,31
27,random-bits-20260922-094842-551239,27,2026-09-22T09:48:58.025019+08:00,0,0.7,0.3,0.41,jev-1.13.0,360.98,310,31
28,random-bits-20260922-094842-551239,28,2026-09-22T09:48:58.386245+08:00,0,0.67,0.33,0.34,jev-1.13.0,384.23,310,31
29,random-bits-20260922-094842-551239,29,2026-09-22T09:48:58.770836+08:00,0,0.7,0.3,0.39,jev-1.13.0,370.9,310,31
30,random-bits-20260922-094842-551239,30,2026-09-22T09:48:59.142061+08:00,0,0.68,0.32,0.36,jev-1.13.0,382.08,310,31
31,random-bits-20260922-094842-551239,31,2026-09-22T09:48:59.524415+08:00,0,0.69,0.31,0.38,jev-1.13.0,350.11,310,31
32,random-bits-20260922-094842-551239,32,2026-09-22T09:48:59.874873+08:00,0,0.68,0.32,0.37,jev-1.13.0,358.54,310,31
33,random-bits-20260922-094842-551239,33,2026-09-22T09:49:00.233676+08:00,0,0.67,0.33,0.35,jev-1.13.0,397.31,310,31
34,random-bits-20260922-094842-551239,34,2026-09-22T09:49:00.631230+08:00,0,0.7,0.3,0.39,jev-1.13.0,401.29,310,31
35,random-bits-20260922-094842-551239,35,2026-09-22T09:49:01.032772+08:00,0,0.69,0.31,0.38,jev-1.13.0,354.57,310,31
36,random-bits-20260922-094842-551239,36,2026-09-22T09:49:01.387595+08:00,0,0.68,0.32,0.36,jev-1.13.0,363.7,310,31
37,random-bits-20260922-094842-551239,37,2026-09-22T09:49:01.751654+08:00,0,0.69,0.31,0.38,jev-1.13.0,373.62,310,31
38,random-bits-20260922-094842-551239,38,2026-09-22T09:49:02.125637+08:00,0,0.69,0.31,0.39,jev-1.13.0,376.86,310,31
39,random-bits-20260922-094842-551239,39,2026-09-22T09:49:02.502834+08:00,0,0.65,0.35,0.31,jev-1.13.0,380.92,310,31
40,random-bits-20260922-094842-551239,40,2026-09-22T09:49:02.884082+08:00,0,0.7,0.3,0.4,jev-1.13.0,371.34,310,31
41,random-bits-20260922-094842-551239,41,2026-09-22T09:49:03.255776+08:00,0,0.71,0.29,0.41,jev-1.13.0,638.45,310,31
42,random-bits-20260922-094842-551239,42,2026-09-22T09:49:03.894473+08:00,0,0.71,0.29,0.42,jev-1.13.0,2030.93,310,31
43,random-bits-20260922-094842-551239,43,2026-09-22T09:49:05.925662+08:00,0,0.7,0.3,0.4,jev-1.13.0,345.11,310,31
44,random-bits-20260922-094842-551239,44,2026-09-22T09:49:06.271021+08:00,0,0.71,0.29,0.42,jev-1.13.0,359.9,310,31
45,random-bits-20260922-094842-551239,45,2026-09-22T09:49:06.631296+08:00,0,0.69,0.31,0.38,jev-1.13.0,375.15,310,31
46,random-bits-20260922-094842-551239,46,2026-09-22T09:49:07.006729+08:00,0,0.68,0.32,0.35,jev-1.13.0,1122.69,310,31
47,random-bits-20260922-094842-551239,47,2026-09-22T09:49:08.129760+08:00,0,0.67,0.33,0.33,jev-1.13.0,370.87,310,31
48,random-bits-20260922-094842-551239,48,2026-09-22T09:49:08.500887+08:00,0,0.66,0.34,0.32,jev-1.13.0,385.43,310,31
49,random-bits-20260922-094842-551239,49,2026-09-22T09:49:08.886644+08:00,0,0.72,0.28,0.44,jev-1.13.0,395.1,310,31
50,random-bits-20260922-094842-551239,50,2026-09-22T09:49:09.282042+08:00,0,0.68,0.32,0.36,jev-1.13.0,614.18,310,31
51,random-bits-20260922-094842-551239,51,2026-09-22T09:49:09.896451+08:00,0,0.66,0.34,0.32,jev-1.13.0,366.49,310,31
52,random-bits-20260922-094842-551239,52,2026-09-22T09:49:10.263242+08:00,0,0.68,0.32,0.36,jev-1.13.0,361.78,310,31
53,random-bits-20260922-094842-551239,53,2026-09-22T09:49:10.625395+08:00,0,0.7,0.3,0.4,jev-1.13.0,394.4,310,31
54,random-bits-20260922-094842-551239,54,2026-09-22T09:49:11.020022+08:00,0,0.69,0.31,0.38,jev-1.13.0,420.27,310,31
55,random-bits-20260922-094842-551239,55,2026-09-22T09:49:11.440529+08:00,0,0.69,0.31,0.39,jev-1.13.0,371.78,310,31
56,random-bits-20260922-094842-551239,56,2026-09-22T09:49:11.812713+08:00,0,0.69,0.31,0.38,jev-1.13.0,348.01,310,31
57,random-bits-20260922-094842-551239,57,2026-09-22T09:49:12.161028+08:00,0,0.68,0.32,0.35,jev-1.13.0,348.08,310,31
58,random-bits-20260922-094842-551239,58,2026-09-22T09:49:12.509435+08:00,0,0.7,0.3,0.4,jev-1.13.0,1041.48,310,31
59,random-bits-20260922-094842-551239,59,2026-09-22T09:49:13.551155+08:00,0,0.68,0.32,0.36,jev-1.13.0,364.57,310,31
60,random-bits-20260922-094842-551239,60,2026-09-22T09:49:13.916082+08:00,0,0.67,0.33,0.34,jev-1.13.0,1026.19,310,31
61,random-bits-20260922-094842-551239,61,2026-09-22T09:49:14.942626+08:00,0,0.68,0.32,0.36,jev-1.13.0,633.71,310,31
62,random-bits-20260922-094842-551239,62,2026-09-22T09:49:15.576583+08:00,0,0.7,0.3,0.4,jev-1.13.0,361.94,310,31
63,random-bits-20260922-094842-551239,63,2026-09-22T09:49:15.938811+08:00,0,0.69,0.31,0.38,jev-1.13.0,356.79,310,31
64,random-bits-20260922-094842-551239,64,2026-09-22T09:49:16.295879+08:00,0,0.7,0.3,0.4,jev-1.13.0,417.05,310,31
65,random-bits-20260922-094842-551239,65,2026-09-22T09:49:16.713181+08:00,0,0.68,0.32,0.37,jev-1.13.0,666.56,310,31
66,random-bits-20260922-094842-551239,66,2026-09-22T09:49:17.380070+08:00,0,0.66,0.34,0.32,jev-1.13.0,349.53,310,31
67,random-bits-20260922-094842-551239,67,2026-09-22T09:49:17.729865+08:00,0,0.69,0.31,0.38,jev-1.13.0,373.87,310,31
68,random-bits-20260922-094842-551239,68,2026-09-22T09:49:18.103984+08:00,0,0.7,0.3,0.4,jev-1.13.0,402.37,310,31
69,random-bits-20260922-094842-551239,69,2026-09-22T09:49:18.506598+08:00,0,0.69,0.31,0.37,jev-1.13.0,361.88,310,31
70,random-bits-20260922-094842-551239,70,2026-09-22T09:49:18.868712+08:00,0,0.67,0.33,0.33,jev-1.13.0,364.7,310,31
71,random-bits-20260922-094842-551239,71,2026-09-22T09:49:19.233803+08:00,0,0.67,0.33,0.33,jev-1.13.0,359.35,310,31
72,random-bits-20260922-094842-551239,72,2026-09-22T09:49:19.593403+08:00,0,0.68,0.32,0.35,jev-1.13.0,982.6,310,31
73,random-bits-20260922-094842-551239,73,2026-09-22T09:49:20.576217+08:00,0,0.7,0.3,0.39,jev-1.13.0,398.66,310,31
74,random-bits-20260922-094842-551239,74,2026-09-22T09:49:20.975211+08:00,0,0.67,0.33,0.34,jev-1.13.0,412.28,310,31
75,random-bits-20260922-094842-551239,75,2026-09-22T09:49:21.387910+08:00,0,0.69,0.31,0.38,jev-1.13.0,651.93,310,31
76,random-bits-20260922-094842-551239,76,2026-09-22T09:49:22.040098+08:00,0,0.68,0.32,0.35,jev-1.13.0,366.64,310,31
77,random-bits-20260922-094842-551239,77,2026-09-22T09:49:22.406981+08:00,0,0.69,0.31,0.38,jev-1.13.0,1017.02,310,31
78,random-bits-20260922-094842-551239,78,2026-09-22T09:49:23.424244+08:00,0,0.68,0.32,0.36,jev-1.13.0,356.42,310,31
79,random-bits-20260922-094842-551239,79,2026-09-22T09:49:23.780991+08:00,0,0.68,0.32,0.35,jev-1.13.0,607.68,310,31
80,random-bits-20260922-094842-551239,80,2026-09-22T09:49:24.388971+08:00,0,0.67,0.33,0.34,jev-1.13.0,372.48,310,31
81,random-bits-20260922-094842-551239,81,2026-09-22T09:49:24.761734+08:00,0,0.71,0.29,0.42,jev-1.13.0,1051.39,310,31
82,random-bits-20260922-094842-551239,82,2026-09-22T09:49:25.813380+08:00,0,0.67,0.33,0.35,jev-1.13.0,624.43,310,31
83,random-bits-20260922-094842-551239,83,2026-09-22T09:49:26.438170+08:00,0,0.69,0.31,0.37,jev-1.13.0,383.85,310,31
84,random-bits-20260922-094842-551239,84,2026-09-22T09:49:26.822297+08:00,0,0.67,0.33,0.33,jev-1.13.0,375.23,310,31
85,random-bits-20260922-094842-551239,85,2026-09-22T09:49:27.197745+08:00,0,0.7,0.3,0.4,jev-1.13.0,367.07,310,31
86,random-bits-20260922-094842-551239,86,2026-09-22T09:49:27.565052+08:00,0,0.68,0.32,0.37,jev-1.13.0,368.36,310,31
87,random-bits-20260922-094842-551239,87,2026-09-22T09:49:27.933745+08:00,0,0.69,0.31,0.38,jev-1.13.0,426.44,310,31
88,random-bits-20260922-094842-551239,88,2026-09-22T09:49:28.360420+08:00,0,0.68,0.32,0.36,jev-1.13.0,392.11,310,31
89,random-bits-20260922-094842-551239,89,2026-09-22T09:49:28.752779+08:00,0,0.72,0.28,0.44,jev-1.13.0,356.0,310,31
90,random-bits-20260922-094842-551239,90,2026-09-22T09:49:29.109149+08:00,0,0.7,0.3,0.39,jev-1.13.0,405.35,310,31
91,random-bits-20260922-094842-551239,91,2026-09-22T09:49:29.514742+08:00,0,0.7,0.3,0.4,jev-1.13.0,362.72,310,31
92,random-bits-20260922-094842-551239,92,2026-09-22T09:49:29.877772+08:00,0,0.68,0.32,0.36,jev-1.13.0,367.89,310,31
93,random-bits-20260922-094842-551239,93,2026-09-22T09:49:30.245898+08:00,0,0.67,0.33,0.34,jev-1.13.0,1036.08,310,31
94,random-bits-20260922-094842-551239,94,2026-09-22T09:49:31.282222+08:00,0,0.69,0.31,0.38,jev-1.13.0,419.7,310,31
95,random-bits-20260922-094842-551239,95,2026-09-22T09:49:31.702204+08:00,0,0.66,0.34,0.33,jev-1.13.0,346.93,310,31
96,random-bits-20260922-094842-551239,96,2026-09-22T09:49:32.049366+08:00,0,0.69,0.31,0.38,jev-1.13.0,384.41,310,31
97,random-bits-20260922-094842-551239,97,2026-09-22T09:49:32.434085+08:00,0,0.71,0.29,0.42,jev-1.13.0,403.5,310,31
98,random-bits-20260922-094842-551239,98,2026-09-22T09:49:32.837923+08:00,0,0.69,0.31,0.37,jev-1.13.0,383.2,310,31
99,random-bits-20260922-094842-551239,99,2026-09-22T09:49:33.221498+08:00,0,0.71,0.29,0.42,jev-1.13.0,367.44,310,31
100,random-bits-20260922-094842-551239,100,2026-09-22T09:49:33.589197+08:00,0,0.66,0.34,0.32,jev-1.13.0,511.29,310,31
101,random-bits-20260922-094842-551239,101,2026-09-22T09:49:34.100825+08:00,0,0.69,0.31,0.38,jev-1.13.0,1077.45,310,31
102,random-bits-20260922-094842-551239,102,2026-09-22T09:49:35.178558+08:00,0,0.69,0.31,0.37,jev-1.13.0,405.35,310,31
103,random-bits-20260922-094842-551239,103,2026-09-22T09:49:35.584170+08:00,0,0.69,0.31,0.37,jev-1.13.0,370.35,310,31
104,random-bits-20260922-094842-551239,104,2026-09-22T09:49:35.954777+08:00,0,0.68,0.32,0.36,jev-1.13.0,392.5,310,31
105,random-bits-20260922-094842-551239,105,2026-09-22T09:49:36.347591+08:00,0,0.68,0.32,0.36,jev-1.13.0,361.76,310,31
106,random-bits-20260922-094842-551239,106,2026-09-22T09:49:36.709707+08:00,0,0.69,0.31,0.39,jev-1.13.0,376.13,310,31
107,random-bits-20260922-094842-551239,107,2026-09-22T09:49:37.086077+08:00,0,0.71,0.29,0.41,jev-1.13.0,348.4,310,31
108,random-bits-20260922-094842-551239,108,2026-09-22T09:49:37.434758+08:00,0,0.66,0.34,0.33,jev-1.13.0,394.99,310,31
109,random-bits-20260922-094842-551239,109,2026-09-22T09:49:37.830094+08:00,0,0.68,0.32,0.36,jev-1.13.0,377.16,310,31
110,random-bits-20260922-094842-551239,110,2026-09-22T09:49:38.207657+08:00,0,0.68,0.32,0.35,jev-1.13.0,372.56,310,31
111,random-bits-20260922-094842-551239,111,2026-09-22T09:49:38.580484+08:00,0,0.69,0.31,0.39,jev-1.13.0,451.64,310,31
112,random-bits-20260922-094842-551239,112,2026-09-22T09:49:39.032463+08:00,0,0.69,0.31,0.38,jev-1.13.0,364.29,310,31
113,random-bits-20260922-094842-551239,113,2026-09-22T09:49:39.397047+08:00,0,0.72,0.28,0.44,jev-1.13.0,351.77,310,31
114,random-bits-20260922-094842-551239,114,2026-09-22T09:49:39.749130+08:00,0,0.68,0.32,0.36,jev-1.13.0,1085.62,310,31
115,random-bits-20260922-094842-551239,115,2026-09-22T09:49:40.835005+08:00,0,0.68,0.32,0.35,jev-1.13.0,516.67,310,31
116,random-bits-20260922-094842-551239,116,2026-09-22T09:49:41.351947+08:00,0,0.71,0.29,0.42,jev-1.13.0,392.14,310,31
117,random-bits-20260922-094842-551239,117,2026-09-22T09:49:41.744410+08:00,0,0.71,0.29,0.42,jev-1.13.0,392.15,310,31
118,random-bits-20260922-094842-551239,118,2026-09-22T09:49:42.136790+08:00,0,0.68,0.32,0.37,jev-1.13.0,380.73,310,31
119,random-bits-20260922-094842-551239,119,2026-09-22T09:49:42.517771+08:00,0,0.69,0.31,0.38,jev-1.13.0,397.79,310,31
120,random-bits-20260922-094842-551239,120,2026-09-22T09:49:42.915890+08:00,0,0.68,0.32,0.37,jev-1.13.0,384.24,310,31
121,random-bits-20260922-094842-551239,121,2026-09-22T09:49:43.300492+08:00,0,0.69,0.31,0.39,jev-1.13.0,384.03,310,31
122,random-bits-20260922-094842-551239,122,2026-09-22T09:49:43.684868+08:00,0,0.68,0.32,0.37,jev-1.13.0,418.52,310,31
123,random-bits-20260922-094842-551239,123,2026-09-22T09:49:44.103744+08:00,0,0.69,0.31,0.38,jev-1.13.0,1014.94,310,31
124,random-bits-20260922-094842-551239,124,2026-09-22T09:49:45.119039+08:00,0,0.68,0.32,0.37,jev-1.13.0,386.02,310,31
125,random-bits-20260922-094842-551239,125,2026-09-22T09:49:45.505413+08:00,0,0.71,0.29,0.41,jev-1.13.0,837.42,310,31
126,random-bits-20260922-094842-551239,126,2026-09-22T09:49:46.343152+08:00,0,0.7,0.3,0.41,jev-1.13.0,393.43,310,31
127,random-bits-20260922-094842-551239,127,2026-09-22T09:49:46.736858+08:00,0,0.71,0.29,0.41,jev-1.13.0,813.09,310,31
128,random-bits-20260922-094842-551239,128,2026-09-22T09:49:47.550308+08:00,0,0.66,0.34,0.31,jev-1.13.0,359.28,310,31
129,random-bits-20260922-094842-551239,129,2026-09-22T09:49:47.909937+08:00,0,0.7,0.3,0.41,jev-1.13.0,1027.89,310,31
130,random-bits-20260922-094842-551239,130,2026-09-22T09:49:48.938247+08:00,0,0.69,0.31,0.37,jev-1.13.0,356.1,310,31
131,random-bits-20260922-094842-551239,131,2026-09-22T09:49:49.294697+08:00,0,0.72,0.28,0.44,jev-1.13.0,681.73,310,31
132,random-bits-20260922-094842-551239,132,2026-09-22T09:49:49.976690+08:00,0,0.69,0.31,0.38,jev-1.13.0,619.64,310,31
133,random-bits-20260922-094842-551239,133,2026-09-22T09:49:50.596611+08:00,0,0.66,0.34,0.32,jev-1.13.0,416.91,310,31
134,random-bits-20260922-094842-551239,134,2026-09-22T09:49:51.013867+08:00,0,0.71,0.29,0.42,jev-1.13.0,380.9,310,31
135,random-bits-20260922-094842-551239,135,2026-09-22T09:49:51.395130+08:00,0,0.68,0.32,0.37,jev-1.13.0,391.15,310,31
136,random-bits-20260922-094842-551239,136,2026-09-22T09:49:51.786627+08:00,0,0.69,0.31,0.38,jev-1.13.0,393.23,310,31
137,random-bits-20260922-094842-551239,137,2026-09-22T09:49:52.180187+08:00,0,0.7,0.3,0.39,jev-1.13.0,412.84,310,31
138,random-bits-20260922-094842-551239,138,2026-09-22T09:49:52.593389+08:00,0,0.67,0.33,0.34,jev-1.13.0,370.7,310,31
139,random-bits-20260922-094842-551239,139,2026-09-22T09:49:52.964399+08:00,0,0.68,0.32,0.37,jev-1.13.0,999.79,310,31
140,random-bits-20260922-094842-551239,140,2026-09-22T09:49:53.964534+08:00,0,0.7,0.3,0.4,jev-1.13.0,403.85,310,31
141,random-bits-20260922-094842-551239,141,2026-09-22T09:49:54.368763+08:00,0,0.69,0.31,0.37,jev-1.13.0,358.55,310,31
142,random-bits-20260922-094842-551239,142,2026-09-22T09:49:54.727703+08:00,0,0.71,0.29,0.41,jev-1.13.0,377.89,310,31
143,random-bits-20260922-094842-551239,143,2026-09-22T09:49:55.105849+08:00,0,0.68,0.32,0.37,jev-1.13.0,403.28,310,31
144,random-bits-20260922-094842-551239,144,2026-09-22T09:49:55.509467+08:00,0,0.67,0.33,0.35,jev-1.13.0,367.27,310,31
145,random-bits-20260922-094842-551239,145,2026-09-22T09:49:55.876986+08:00,0,0.71,0.29,0.42,jev-1.13.0,367.12,310,31
146,random-bits-20260922-094842-551239,146,2026-09-22T09:49:56.244477+08:00,0,0.7,0.3,0.41,jev-1.13.0,380.31,310,31
147,random-bits-20260922-094842-551239,147,2026-09-22T09:49:56.625053+08:00,0,0.68,0.32,0.35,jev-1.13.0,377.98,310,31
148,random-bits-20260922-094842-551239,148,2026-09-22T09:49:57.003334+08:00,0,0.7,0.3,0.4,jev-1.13.0,332.78,310,31
149,random-bits-20260922-094842-551239,149,2026-09-22T09:49:57.336359+08:00,0,0.65,0.35,0.3,jev-1.13.0,351.81,310,31
150,random-bits-20260922-094842-551239,150,2026-09-22T09:49:57.688501+08:00,0,0.68,0.32,0.37,jev-1.13.0,386.26,310,31
151,random-bits-20260922-094842-551239,151,2026-09-22T09:49:58.075005+08:00,0,0.68,0.32,0.37,jev-1.13.0,641.65,310,31
152,random-bits-20260922-094842-551239,152,2026-09-22T09:49:58.716903+08:00,0,0.68,0.32,0.36,jev-1.13.0,373.12,310,31
153,random-bits-20260922-094842-551239,153,2026-09-22T09:49:59.090277+08:00,0,0.66,0.34,0.31,jev-1.13.0,376.07,310,31
154,random-bits-20260922-094842-551239,154,2026-09-22T09:49:59.466644+08:00,0,0.69,0.31,0.38,jev-1.13.0,394.88,310,31
155,random-bits-20260922-094842-551239,155,2026-09-22T09:49:59.861804+08:00,0,0.69,0.31,0.37,jev-1.13.0,811.4,310,31
156,random-bits-20260922-094842-551239,156,2026-09-22T09:50:00.673469+08:00,0,0.7,0.3,0.4,jev-1.13.0,1047.37,310,31
157,random-bits-20260922-094842-551239,157,2026-09-22T09:50:01.721102+08:00,0,0.69,0.31,0.38,jev-1.13.0,365.17,310,31
158,random-bits-20260922-094842-551239,158,2026-09-22T09:50:02.086514+08:00,0,0.7,0.3,0.39,jev-1.13.0,369.6,310,31
159,random-bits-20260922-094842-551239,159,2026-09-22T09:50:02.456383+08:00,0,0.72,0.28,0.43,jev-1.13.0,387.55,310,31
160,random-bits-20260922-094842-551239,160,2026-09-22T09:50:02.844278+08:00,0,0.71,0.29,0.43,jev-1.13.0,396.64,310,31
161,random-bits-20260922-094842-551239,161,2026-09-22T09:50:03.241281+08:00,0,0.69,0.31,0.39,jev-1.13.0,370.09,310,31
162,random-bits-20260922-094842-551239,162,2026-09-22T09:50:03.611714+08:00,0,0.71,0.29,0.42,jev-1.13.0,371.43,310,31
163,random-bits-20260922-094842-551239,163,2026-09-22T09:50:03.983430+08:00,0,0.69,0.31,0.39,jev-1.13.0,345.29,310,31
164,random-bits-20260922-094842-551239,164,2026-09-22T09:50:04.329052+08:00,0,0.69,0.31,0.38,jev-1.13.0,368.78,310,31
165,random-bits-20260922-094842-551239,165,2026-09-22T09:50:04.698143+08:00,0,0.69,0.31,0.39,jev-1.13.0,360.37,310,31
166,random-bits-20260922-094842-551239,166,2026-09-22T09:50:05.058831+08:00,0,0.71,0.29,0.42,jev-1.13.0,370.6,310,31
167,random-bits-20260922-094842-551239,167,2026-09-22T09:50:05.429649+08:00,0,0.7,0.3,0.39,jev-1.13.0,385.85,310,31
168,random-bits-20260922-094842-551239,168,2026-09-22T09:50:05.815837+08:00,0,0.71,0.29,0.42,jev-1.13.0,367.88,310,31
169,random-bits-20260922-094842-551239,169,2026-09-22T09:50:06.183990+08:00,0,0.69,0.31,0.38,jev-1.13.0,1026.66,310,31
170,random-bits-20260922-094842-551239,170,2026-09-22T09:50:07.210949+08:00,0,0.68,0.32,0.36,jev-1.13.0,417.18,310,31
171,random-bits-20260922-094842-551239,171,2026-09-22T09:50:07.628501+08:00,0,0.7,0.3,0.4,jev-1.13.0,360.09,310,31
172,random-bits-20260922-094842-551239,172,2026-09-22T09:50:07.988983+08:00,0,0.65,0.35,0.3,jev-1.13.0,440.18,310,31
173,random-bits-20260922-094842-551239,173,2026-09-22T09:50:08.429430+08:00,0,0.7,0.3,0.4,jev-1.13.0,647.17,310,31
174,random-bits-20260922-094842-551239,174,2026-09-22T09:50:09.076838+08:00,0,0.7,0.3,0.4,jev-1.13.0,431.18,310,31
175,random-bits-20260922-094842-551239,175,2026-09-22T09:50:09.508359+08:00,0,0.67,0.33,0.33,jev-1.13.0,394.15,310,31
176,random-bits-20260922-094842-551239,176,2026-09-22T09:50:09.902806+08:00,0,0.7,0.3,0.4,jev-1.13.0,347.47,310,31
177,random-bits-20260922-094842-551239,177,2026-09-22T09:50:10.250614+08:00,0,0.69,0.31,0.39,jev-1.13.0,368.64,310,31
178,random-bits-20260922-094842-551239,178,2026-09-22T09:50:10.619573+08:00,0,0.68,0.32,0.36,jev-1.13.0,1013.31,310,31
179,random-bits-20260922-094842-551239,179,2026-09-22T09:50:11.633282+08:00,0,0.71,0.29,0.42,jev-1.13.0,356.76,310,31
180,random-bits-20260922-094842-551239,180,2026-09-22T09:50:11.990277+08:00,0,0.67,0.33,0.34,jev-1.13.0,385.59,310,31
181,random-bits-20260922-094842-551239,181,2026-09-22T09:50:12.376143+08:00,0,0.68,0.32,0.36,jev-1.13.0,385.95,310,31
182,random-bits-20260922-094842-551239,182,2026-09-22T09:50:12.762331+08:00,0,0.7,0.3,0.4,jev-1.13.0,355.49,310,31
183,random-bits-20260922-094842-551239,183,2026-09-22T09:50:13.118160+08:00,0,0.7,0.3,0.4,jev-1.13.0,385.79,310,31
184,random-bits-20260922-094842-551239,184,2026-09-22T09:50:13.504228+08:00,0,0.68,0.32,0.36,jev-1.13.0,376.65,310,31
185,random-bits-20260922-094842-551239,185,2026-09-22T09:50:13.881143+08:00,0,0.66,0.34,0.32,jev-1.13.0,353.59,310,31
186,random-bits-20260922-094842-551239,186,2026-09-22T09:50:14.234992+08:00,0,0.69,0.31,0.38,jev-1.13.0,361.7,310,31
187,random-bits-20260922-094842-551239,187,2026-09-22T09:50:14.597030+08:00,0,0.7,0.3,0.4,jev-1.13.0,380.09,310,31
188,random-bits-20260922-094842-551239,188,2026-09-22T09:50:14.977494+08:00,0,0.71,0.29,0.42,jev-1.13.0,431.47,310,31
189,random-bits-20260922-094842-551239,189,2026-09-22T09:50:15.409213+08:00,0,0.7,0.3,0.41,jev-1.13.0,365.17,310,31
190,random-bits-20260922-094842-551239,190,2026-09-22T09:50:15.774631+08:00,0,0.75,0.25,0.51,jev-1.13.0,369.84,310,31
191,random-bits-20260922-094842-551239,191,2026-09-22T09:50:16.144723+08:00,0,0.67,0.33,0.34,jev-1.13.0,394.4,310,31
192,random-bits-20260922-094842-551239,192,2026-09-22T09:50:16.539426+08:00,0,0.66,0.34,0.31,jev-1.13.0,404.36,310,31
193,random-bits-20260922-094842-551239,193,2026-09-22T09:50:16.944051+08:00,0,0.68,0.32,0.37,jev-1.13.0,414.66,310,31
194,random-bits-20260922-094842-551239,194,2026-09-22T09:50:17.359056+08:00,0,0.7,0.3,0.39,jev-1.13.0,380.11,310,31
195,random-bits-20260922-094842-551239,195,2026-09-22T09:50:17.739451+08:00,0,0.7,0.3,0.4,jev-1.13.0,351.86,310,31
196,random-bits-20260922-094842-551239,196,2026-09-22T09:50:18.091640+08:00,0,0.7,0.3,0.4,jev-1.13.0,1006.68,310,31
197,random-bits-20260922-094842-551239,197,2026-09-22T09:50:19.098628+08:00,0,0.68,0.32,0.37,jev-1.13.0,395.12,310,31
198,random-bits-20260922-094842-551239,198,2026-09-22T09:50:19.494050+08:00,0,0.69,0.31,0.38,jev-1.13.0,404.63,310,31
199,random-bits-20260922-094842-551239,199,2026-09-22T09:50:19.898966+08:00,0,0.71,0.29,0.41,jev-1.13.0,365.48,310,31
200,random-bits-20260922-094842-551239,200,2026-09-22T09:50:20.264739+08:00,0,0.7,0.3,0.39,jev-1.13.0,358.7,310,31
201,random-bits-20260922-101742-274937,1,2026-09-22T10:17:42.280366+08:00,0,0.69,0.31,0.39,jev-1.13.0,1237.15,310,31
202,random-bits-20260922-101742-274937,2,2026-09-22T10:17:43.517953+08:00,0,0.7,0.3,0.4,jev-1.13.0,1253.77,310,31
203,random-bits-20260922-101742-274937,3,2026-09-22T10:17:44.772045+08:00,0,0.69,0.31,0.37,jev-1.13.0,461.43,310,31
204,random-bits-20260922-101742-274937,4,2026-09-22T10:17:45.235105+08:00,0,0.68,0.32,0.36,jev-1.13.0,409.35,310,31
205,random-bits-20260922-101742-274937,5,2026-09-22T10:17:45.644939+08:00,0,0.68,0.32,0.36,jev-1.13.0,466.89,310,31
206,random-bits-20260922-101742-274937,6,2026-09-22T10:17:46.112150+08:00,0,0.69,0.31,0.38,jev-1.13.0,440.23,310,31
207,random-bits-20260922-101742-274937,7,2026-09-22T10:17:46.552633+08:00,0,0.7,0.3,0.4,jev-1.13.0,406.82,310,31
208,random-bits-20260922-101742-274937,8,2026-09-22T10:17:46.959728+08:00,0,0.67,0.33,0.33,jev-1.13.0,424.97,310,31
209,random-bits-20260922-101742-274937,9,2026-09-22T10:17:47.384977+08:00,0,0.68,0.32,0.35,jev-1.13.0,424.61,310,31
210,random-bits-20260922-101742-274937,10,2026-09-22T10:17:47.811170+08:00,0,0.69,0.31,0.37,jev-1.13.0,447.66,310,31
211,random-bits-20260922-101742-274937,11,2026-09-22T10:17:48.259199+08:00,0,0.66,0.34,0.32,jev-1.13.0,447.33,310,31
212,random-bits-20260922-101742-274937,12,2026-09-22T10:17:48.706804+08:00,0,0.72,0.28,0.43,jev-1.13.0,446.33,310,31
213,random-bits-20260922-101742-274937,13,2026-09-22T10:17:49.153424+08:00,0,0.66,0.34,0.32,jev-1.13.0,438.6,310,31
214,random-bits-20260922-101742-274937,14,2026-09-22T10:17:49.592293+08:00,0,0.67,0.33,0.33,jev-1.13.0,435.19,310,31
215,random-bits-20260922-101742-274937,15,2026-09-22T10:17:50.027728+08:00,0,0.69,0.31,0.38,jev-1.13.0,947.1,310,31
216,random-bits-20260922-101742-274937,16,2026-09-22T10:17:50.975116+08:00,0,0.68,0.32,0.37,jev-1.13.0,433.26,310,31
217,random-bits-20260922-101742-274937,17,2026-09-22T10:17:51.408600+08:00,0,0.7,0.3,0.41,jev-1.13.0,472.63,310,31
218,random-bits-20260922-101742-274937,18,2026-09-22T10:17:51.881545+08:00,0,0.67,0.33,0.33,jev-1.13.0,423.78,310,31
219,random-bits-20260922-101742-274937,19,2026-09-22T10:17:52.305551+08:00,0,0.66,0.34,0.32,jev-1.13.0,1038.93,310,31
220,random-bits-20260922-101742-274937,20,2026-09-22T10:17:53.344783+08:00,0,0.65,0.35,0.3,jev-1.13.0,527.56,310,31
221,random-bits-20260922-101742-274937,21,2026-09-22T10:17:53.873338+08:00,0,0.7,0.3,0.41,jev-1.13.0,443.61,310,31
222,random-bits-20260922-101742-274937,22,2026-09-22T10:17:54.317174+08:00,0,0.7,0.3,0.4,jev-1.13.0,958.21,310,31
223,random-bits-20260922-101742-274937,23,2026-09-22T10:17:55.275630+08:00,0,0.69,0.31,0.39,jev-1.13.0,514.42,310,31
224,random-bits-20260922-101742-274937,24,2026-09-22T10:17:55.790512+08:00,0,0.7,0.3,0.41,jev-1.13.0,482.51,310,31
225,random-bits-20260922-101742-274937,25,2026-09-22T10:17:56.273339+08:00,0,0.68,0.32,0.37,jev-1.13.0,423.15,310,31
226,random-bits-20260922-101742-274937,26,2026-09-22T10:17:56.696811+08:00,0,0.71,0.29,0.41,jev-1.13.0,435.44,310,31
227,random-bits-20260922-101742-274937,27,2026-09-22T10:17:57.132648+08:00,0,0.69,0.31,0.38,jev-1.13.0,409.88,310,31
228,random-bits-20260922-101742-274937,28,2026-09-22T10:17:57.542868+08:00,0,0.68,0.32,0.36,jev-1.13.0,911.23,310,31
229,random-bits-20260922-101742-274937,29,2026-09-22T10:17:58.454366+08:00,0,0.7,0.3,0.4,jev-1.13.0,422.55,310,31
230,random-bits-20260922-101742-274937,30,2026-09-22T10:17:58.877171+08:00,0,0.68,0.32,0.36,jev-1.13.0,449.19,310,31
231,random-bits-20260922-101742-274937,31,2026-09-22T10:17:59.326578+08:00,0,0.69,0.31,0.38,jev-1.13.0,451.66,310,31
232,random-bits-20260922-101742-274937,32,2026-09-22T10:17:59.778512+08:00,0,0.66,0.34,0.32,jev-1.13.0,815.94,310,31
233,random-bits-20260922-101742-274937,33,2026-09-22T10:18:00.594716+08:00,0,0.68,0.32,0.36,jev-1.13.0,432.35,310,31
234,random-bits-20260922-101742-274937,34,2026-09-22T10:18:01.027383+08:00,0,0.69,0.31,0.38,jev-1.13.0,459.92,310,31
235,random-bits-20260922-101742-274937,35,2026-09-22T10:18:01.487539+08:00,0,0.72,0.28,0.43,jev-1.13.0,458.52,310,31
236,random-bits-20260922-101742-274937,36,2026-09-22T10:18:01.946320+08:00,0,0.7,0.3,0.4,jev-1.13.0,761.56,310,31
237,random-bits-20260922-101742-274937,37,2026-09-22T10:18:02.708154+08:00,0,0.71,0.29,0.41,jev-1.13.0,452.14,310,31
238,random-bits-20260922-101742-274937,38,2026-09-22T10:18:03.160561+08:00,0,0.67,0.33,0.34,jev-1.13.0,475.75,310,31
239,random-bits-20260922-101742-274937,39,2026-09-22T10:18:03.636627+08:00,0,0.68,0.32,0.37,jev-1.13.0,449.6,310,31
240,random-bits-20260922-101742-274937,40,2026-09-22T10:18:04.086452+08:00,0,0.71,0.29,0.43,jev-1.13.0,928.87,310,31
241,random-bits-20260922-101742-274937,41,2026-09-22T10:18:05.015767+08:00,0,0.71,0.29,0.41,jev-1.13.0,514.57,310,31
242,random-bits-20260922-101742-274937,42,2026-09-22T10:18:05.530719+08:00,0,0.67,0.33,0.33,jev-1.13.0,423.99,310,31
243,random-bits-20260922-101742-274937,43,2026-09-22T10:18:05.955006+08:00,0,0.67,0.33,0.34,jev-1.13.0,464.42,310,31
244,random-bits-20260922-101742-274937,44,2026-09-22T10:18:06.419633+08:00,0,0.69,0.31,0.38,jev-1.13.0,420.18,310,31
245,random-bits-20260922-101742-274937,45,2026-09-22T10:18:06.840036+08:00,0,0.68,0.32,0.36,jev-1.13.0,430.18,310,31
246,random-bits-20260922-101742-274937,46,2026-09-22T10:18:07.270447+08:00,0,0.67,0.33,0.34,jev-1.13.0,495.49,310,31
247,random-bits-20260922-101742-274937,47,2026-09-22T10:18:07.766253+08:00,0,0.67,0.33,0.34,jev-1.13.0,441.41,310,31
248,random-bits-20260922-101742-274937,48,2026-09-22T10:18:08.207939+08:00,0,0.68,0.32,0.36,jev-1.13.0,428.76,310,31
249,random-bits-20260922-101742-274937,49,2026-09-22T10:18:08.637007+08:00,0,0.72,0.28,0.43,jev-1.13.0,425.1,310,31
250,random-bits-20260922-101742-274937,50,2026-09-22T10:18:09.062588+08:00,0,0.68,0.32,0.36,jev-1.13.0,444.23,310,31
251,random-bits-20260922-101742-274937,51,2026-09-22T10:18:09.507199+08:00,0,0.66,0.34,0.32,jev-1.13.0,430.01,310,31
252,random-bits-20260922-101742-274937,52,2026-09-22T10:18:09.937460+08:00,0,0.66,0.34,0.32,jev-1.13.0,464.78,310,31
253,random-bits-20260922-101742-274937,53,2026-09-22T10:18:10.402546+08:00,0,0.7,0.3,0.39,jev-1.13.0,931.19,310,31
254,random-bits-20260922-101742-274937,54,2026-09-22T10:18:11.334070+08:00,0,0.68,0.32,0.37,jev-1.13.0,432.84,310,31
255,random-bits-20260922-101742-274937,55,2026-09-22T10:18:11.767182+08:00,0,0.7,0.3,0.4,jev-1.13.0,492.53,310,31
256,random-bits-20260922-101742-274937,56,2026-09-22T10:18:12.259971+08:00,0,0.66,0.34,0.33,jev-1.13.0,502.56,310,31
257,random-bits-20260922-101742-274937,57,2026-09-22T10:18:12.762791+08:00,0,0.67,0.33,0.35,jev-1.13.0,489.4,310,31
258,random-bits-20260922-101742-274937,58,2026-09-22T10:18:13.252419+08:00,0,0.7,0.3,0.41,jev-1.13.0,437.91,310,31
259,random-bits-20260922-101742-274937,59,2026-09-22T10:18:13.690726+08:00,0,0.7,0.3,0.4,jev-1.13.0,443.18,310,31
260,random-bits-20260922-101742-274937,60,2026-09-22T10:18:14.134123+08:00,0,0.69,0.31,0.37,jev-1.13.0,475.61,310,31
261,random-bits-20260922-101742-274937,61,2026-09-22T10:18:14.610068+08:00,0,0.7,0.3,0.39,jev-1.13.0,404.98,310,31
262,random-bits-20260922-101742-274937,62,2026-09-22T10:18:15.015379+08:00,0,0.68,0.32,0.36,jev-1.13.0,445.78,310,31
263,random-bits-20260922-101742-274937,63,2026-09-22T10:18:15.461374+08:00,0,0.67,0.33,0.34,jev-1.13.0,515.69,310,31
264,random-bits-20260922-101742-274937,64,2026-09-22T10:18:15.977471+08:00,0,0.67,0.33,0.33,jev-1.13.0,440.9,310,31
265,random-bits-20260922-101742-274937,65,2026-09-22T10:18:16.418643+08:00,0,0.68,0.32,0.37,jev-1.13.0,945.98,310,31
266,random-bits-20260922-101742-274937,66,2026-09-22T10:18:17.365015+08:00,0,0.68,0.32,0.37,jev-1.13.0,460.31,310,31
267,random-bits-20260922-101742-274937,67,2026-09-22T10:18:17.825547+08:00,0,0.71,0.29,0.42,jev-1.13.0,479.54,310,31
268,random-bits-20260922-101742-274937,68,2026-09-22T10:18:18.305362+08:00,0,0.66,0.34,0.31,jev-1.13.0,424.36,310,31
269,random-bits-20260922-101742-274937,69,2026-09-22T10:18:18.730062+08:00,0,0.7,0.3,0.39,jev-1.13.0,409.82,310,31
270,random-bits-20260922-101742-274937,70,2026-09-22T10:18:19.140101+08:00,0,0.71,0.29,0.42,jev-1.13.0,427.11,310,31
271,random-bits-20260922-101742-274937,71,2026-09-22T10:18:19.567477+08:00,0,0.66,0.34,0.32,jev-1.13.0,419.9,310,31
272,random-bits-20260922-101742-274937,72,2026-09-22T10:18:19.987715+08:00,0,0.66,0.34,0.32,jev-1.13.0,411.95,310,31
273,random-bits-20260922-101742-274937,73,2026-09-22T10:18:20.399915+08:00,0,0.71,0.29,0.41,jev-1.13.0,449.43,310,31
274,random-bits-20260922-101742-274937,74,2026-09-22T10:18:20.849562+08:00,0,0.69,0.31,0.39,jev-1.13.0,460.44,310,31
275,random-bits-20260922-101742-274937,75,2026-09-22T10:18:21.310231+08:00,0,0.7,0.3,0.4,jev-1.13.0,404.29,310,31
276,random-bits-20260922-101742-274937,76,2026-09-22T10:18:21.714875+08:00,0,0.68,0.32,0.36,jev-1.13.0,443.48,310,31
277,random-bits-20260922-101742-274937,77,2026-09-22T10:18:22.158572+08:00,0,0.67,0.33,0.33,jev-1.13.0,428.03,310,31
278,random-bits-20260922-101742-274937,78,2026-09-22T10:18:22.586864+08:00,0,0.69,0.31,0.37,jev-1.13.0,1168.9,310,31
279,random-bits-20260922-101742-274937,79,2026-09-22T10:18:23.756008+08:00,0,0.67,0.33,0.34,jev-1.13.0,463.69,310,31
280,random-bits-20260922-101742-274937,80,2026-09-22T10:18:24.219960+08:00,0,0.68,0.32,0.35,jev-1.13.0,402.51,310,31
281,random-bits-20260922-101742-274937,81,2026-09-22T10:18:24.622713+08:00,0,0.69,0.31,0.37,jev-1.13.0,468.02,310,31
282,random-bits-20260922-101742-274937,82,2026-09-22T10:18:25.091000+08:00,0,0.66,0.34,0.32,jev-1.13.0,411.55,310,31
283,random-bits-20260922-101742-274937,83,2026-09-22T10:18:25.502786+08:00,0,0.69,0.31,0.39,jev-1.13.0,453.9,310,31
284,random-bits-20260922-101742-274937,84,2026-09-22T10:18:25.956999+08:00,0,0.7,0.3,0.39,jev-1.13.0,1174.98,310,31
285,random-bits-20260922-101742-274937,85,2026-09-22T10:18:27.132261+08:00,0,0.7,0.3,0.4,jev-1.13.0,459.91,310,31
286,random-bits-20260922-101742-274937,86,2026-09-22T10:18:27.592464+08:00,0,0.66,0.34,0.32,jev-1.13.0,691.85,310,31
287,random-bits-20260922-101742-274937,87,2026-09-22T10:18:28.284579+08:00,0,0.68,0.32,0.36,jev-1.13.0,438.54,310,31
288,random-bits-20260922-101742-274937,88,2026-09-22T10:18:28.723435+08:00,0,0.7,0.3,0.39,jev-1.13.0,413.07,310,31
289,random-bits-20260922-101742-274937,89,2026-09-22T10:18:29.136785+08:00,0,0.68,0.32,0.36,jev-1.13.0,442.24,310,31
290,random-bits-20260922-101742-274937,90,2026-09-22T10:18:29.579298+08:00,0,0.71,0.29,0.42,jev-1.13.0,776.43,310,31
291,random-bits-20260922-101742-274937,91,2026-09-22T10:18:30.355972+08:00,0,0.69,0.31,0.38,jev-1.13.0,407.03,310,31
292,random-bits-20260922-101742-274937,92,2026-09-22T10:18:30.763270+08:00,0,0.69,0.31,0.38,jev-1.13.0,439.66,310,31
293,random-bits-20260922-101742-274937,93,2026-09-22T10:18:31.203194+08:00,0,0.69,0.31,0.38,jev-1.13.0,951.43,310,31
294,random-bits-20260922-101742-274937,94,2026-09-22T10:18:32.154907+08:00,0,0.69,0.31,0.38,jev-1.13.0,938.12,310,31
295,random-bits-20260922-101742-274937,95,2026-09-22T10:18:33.093281+08:00,0,0.68,0.32,0.36,jev-1.13.0,421.34,310,31
296,random-bits-20260922-101742-274937,96,2026-09-22T10:18:33.514908+08:00,0,0.69,0.31,0.39,jev-1.13.0,480.22,310,31
297,random-bits-20260922-101742-274937,97,2026-09-22T10:18:33.995455+08:00,0,0.67,0.33,0.33,jev-1.13.0,749.36,310,31
298,random-bits-20260922-101742-274937,98,2026-09-22T10:18:34.745059+08:00,0,0.68,0.32,0.36,jev-1.13.0,468.26,310,31
299,random-bits-20260922-101742-274937,99,2026-09-22T10:18:35.213628+08:00,0,0.65,0.35,0.31,jev-1.13.0,459.53,310,31
300,random-bits-20260922-101742-274937,100,2026-09-22T10:18:35.673554+08:00,0,0.71,0.29,0.42,jev-1.13.0,422.51,310,31
301,random-bits-20260922-101742-274937,101,2026-09-22T10:18:36.096395+08:00,0,0.67,0.33,0.35,jev-1.13.0,471.35,310,31
302,random-bits-20260922-101742-274937,102,2026-09-22T10:18:36.567980+08:00,0,0.72,0.28,0.44,jev-1.13.0,470.44,310,31
303,random-bits-20260922-101742-274937,103,2026-09-22T10:18:37.038691+08:00,0,0.71,0.29,0.42,jev-1.13.0,447.51,310,31
304,random-bits-20260922-101742-274937,104,2026-09-22T10:18:37.486443+08:00,0,0.71,0.29,0.42,jev-1.13.0,449.2,310,31
305,random-bits-20260922-101742-274937,105,2026-09-22T10:18:37.935921+08:00,0,0.7,0.3,0.41,jev-1.13.0,436.98,310,31
306,random-bits-20260922-101742-274937,106,2026-09-22T10:18:38.373173+08:00,0,0.7,0.3,0.39,jev-1.13.0,461.27,310,31
307,random-bits-20260922-101742-274937,107,2026-09-22T10:18:38.834660+08:00,0,0.7,0.3,0.4,jev-1.13.0,412.91,310,31
308,random-bits-20260922-101742-274937,108,2026-09-22T10:18:39.247841+08:00,0,0.69,0.31,0.37,jev-1.13.0,422.78,310,31
309,random-bits-20260922-101742-274937,109,2026-09-22T10:18:39.670816+08:00,0,0.7,0.3,0.4,jev-1.13.0,415.94,310,31
310,random-bits-20260922-101742-274937,110,2026-09-22T10:18:40.087027+08:00,0,0.7,0.3,0.4,jev-1.13.0,468.9,310,31
311,random-bits-20260922-101742-274937,111,2026-09-22T10:18:40.556463+08:00,0,0.63,0.37,0.26,jev-1.13.0,441.83,310,31
312,random-bits-20260922-101742-274937,112,2026-09-22T10:18:40.998620+08:00,0,0.68,0.32,0.35,jev-1.13.0,418.1,310,31
313,random-bits-20260922-101742-274937,113,2026-09-22T10:18:41.416937+08:00,0,0.7,0.3,0.4,jev-1.13.0,410.8,310,31
314,random-bits-20260922-101742-274937,114,2026-09-22T10:18:41.828005+08:00,0,0.69,0.31,0.39,jev-1.13.0,400.4,310,31
315,random-bits-20260922-101742-274937,115,2026-09-22T10:18:42.228835+08:00,0,0.68,0.32,0.36,jev-1.13.0,424.08,310,31
316,random-bits-20260922-101742-274937,116,2026-09-22T10:18:42.653270+08:00,0,0.69,0.31,0.39,jev-1.13.0,419.93,310,31
317,random-bits-20260922-101742-274937,117,2026-09-22T10:18:43.073428+08:00,0,0.69,0.31,0.38,jev-1.13.0,516.42,310,31
318,random-bits-20260922-101742-274937,118,2026-09-22T10:18:43.590309+08:00,0,0.7,0.3,0.4,jev-1.13.0,1026.04,310,31
319,random-bits-20260922-101742-274937,119,2026-09-22T10:18:44.616627+08:00,0,0.7,0.3,0.39,jev-1.13.0,434.49,310,31
320,random-bits-20260922-101742-274937,120,2026-09-22T10:18:45.051346+08:00,0,0.7,0.3,0.4,jev-1.13.0,902.3,310,31
321,random-bits-20260922-101742-274937,121,2026-09-22T10:18:45.954036+08:00,0,0.7,0.3,0.4,jev-1.13.0,757.54,310,31
322,random-bits-20260922-101742-274937,122,2026-09-22T10:18:46.711812+08:00,0,0.69,0.31,0.39,jev-1.13.0,396.34,310,31
323,random-bits-20260922-101742-274937,123,2026-09-22T10:18:47.108411+08:00,0,0.68,0.32,0.37,jev-1.13.0,469.46,310,31
324,random-bits-20260922-101742-274937,124,2026-09-22T10:18:47.578188+08:00,0,0.68,0.32,0.35,jev-1.13.0,476.64,310,31
325,random-bits-20260922-101742-274937,125,2026-09-22T10:18:48.055116+08:00,0,0.7,0.3,0.39,jev-1.13.0,469.32,310,31
326,random-bits-20260922-101742-274937,126,2026-09-22T10:18:48.524648+08:00,0,0.7,0.3,0.4,jev-1.13.0,418.29,310,31
327,random-bits-20260922-101742-274937,127,2026-09-22T10:18:48.943263+08:00,0,0.71,0.29,0.41,jev-1.13.0,446.73,310,31
328,random-bits-20260922-101742-274937,128,2026-09-22T10:18:49.390259+08:00,0,0.71,0.29,0.42,jev-1.13.0,392.71,310,31
329,random-bits-20260922-101742-274937,129,2026-09-22T10:18:49.783233+08:00,0,0.69,0.31,0.38,jev-1.13.0,464.89,310,31
330,random-bits-20260922-101742-274937,130,2026-09-22T10:18:50.248392+08:00,0,0.67,0.33,0.34,jev-1.13.0,394.38,310,31
331,random-bits-20260922-101742-274937,131,2026-09-22T10:18:50.643037+08:00,0,0.67,0.33,0.34,jev-1.13.0,405.0,310,31
332,random-bits-20260922-101742-274937,132,2026-09-22T10:18:51.048527+08:00,0,0.69,0.31,0.38,jev-1.13.0,906.61,310,31
333,random-bits-20260922-101742-274937,133,2026-09-22T10:18:51.955489+08:00,0,0.69,0.31,0.38,jev-1.13.0,423.3,310,31
334,random-bits-20260922-101742-274937,134,2026-09-22T10:18:52.379042+08:00,0,0.68,0.32,0.36,jev-1.13.0,403.66,310,31
335,random-bits-20260922-101742-274937,135,2026-09-22T10:18:52.782980+08:00,0,0.68,0.32,0.37,jev-1.13.0,477.06,310,31
336,random-bits-20260922-101742-274937,136,2026-09-22T10:18:53.260307+08:00,0,0.69,0.31,0.38,jev-1.13.0,414.58,310,31
337,random-bits-20260922-101742-274937,137,2026-09-22T10:18:53.675190+08:00,0,0.7,0.3,0.39,jev-1.13.0,398.71,310,31
338,random-bits-20260922-101742-274937,138,2026-09-22T10:18:54.074112+08:00,0,0.67,0.33,0.34,jev-1.13.0,474.07,310,31
339,random-bits-20260922-101742-274937,139,2026-09-22T10:18:54.548473+08:00,0,0.69,0.31,0.38,jev-1.13.0,410.85,310,31
340,random-bits-20260922-101742-274937,140,2026-09-22T10:18:54.959552+08:00,0,0.69,0.31,0.37,jev-1.13.0,880.71,310,31
341,random-bits-20260922-101742-274937,141,2026-09-22T10:18:55.840615+08:00,0,0.7,0.3,0.4,jev-1.13.0,461.49,310,31
342,random-bits-20260922-101742-274937,142,2026-09-22T10:18:56.302432+08:00,0,0.7,0.3,0.41,jev-1.13.0,437.44,310,31
343,random-bits-20260922-101742-274937,143,2026-09-22T10:18:56.740144+08:00,0,0.7,0.3,0.41,jev-1.13.0,447.22,310,31
344,random-bits-20260922-101742-274937,144,2026-09-22T10:18:57.187693+08:00,0,0.67,0.33,0.33,jev-1.13.0,430.93,310,31
345,random-bits-20260922-101742-274937,145,2026-09-22T10:18:57.618980+08:00,0,0.71,0.29,0.43,jev-1.13.0,431.1,310,31
346,random-bits-20260922-101742-274937,146,2026-09-22T10:18:58.050343+08:00,0,0.72,0.28,0.43,jev-1.13.0,415.27,310,31
347,random-bits-20260922-101742-274937,147,2026-09-22T10:18:58.465839+08:00,0,0.71,0.29,0.42,jev-1.13.0,820.17,310,31
348,random-bits-20260922-101742-274937,148,2026-09-22T10:18:59.286216+08:00,0,0.68,0.32,0.35,jev-1.13.0,437.64,310,31
349,random-bits-20260922-101742-274937,149,2026-09-22T10:18:59.724124+08:00,0,0.68,0.32,0.35,jev-1.13.0,1320.55,310,31
350,random-bits-20260922-101742-274937,150,2026-09-22T10:19:01.044952+08:00,0,0.67,0.33,0.35,jev-1.13.0,438.22,310,31
351,random-bits-20260922-101742-274937,151,2026-09-22T10:19:01.483487+08:00,0,0.71,0.29,0.42,jev-1.13.0,431.13,310,31
352,random-bits-20260922-101742-274937,152,2026-09-22T10:19:01.914836+08:00,0,0.67,0.33,0.34,jev-1.13.0,466.92,310,31
353,random-bits-20260922-101742-274937,153,2026-09-22T10:19:02.381997+08:00,0,0.7,0.3,0.4,jev-1.13.0,1302.64,310,31
354,random-bits-20260922-101742-274937,154,2026-09-22T10:19:03.684874+08:00,0,0.69,0.31,0.38,jev-1.13.0,439.13,310,31
355,random-bits-20260922-101742-274937,155,2026-09-22T10:19:04.124284+08:00,0,0.68,0.32,0.37,jev-1.13.0,433.08,310,31
356,random-bits-20260922-101742-274937,156,2026-09-22T10:19:04.557678+08:00,0,0.67,0.33,0.33,jev-1.13.0,504.83,310,31
357,random-bits-20260922-101742-274937,157,2026-09-22T10:19:05.062843+08:00,0,0.72,0.28,0.43,jev-1.13.0,413.86,310,31
358,random-bits-20260922-101742-274937,158,2026-09-22T10:19:05.476995+08:00,0,0.71,0.29,0.42,jev-1.13.0,444.39,310,31
359,random-bits-20260922-101742-274937,159,2026-09-22T10:19:05.921815+08:00,0,0.69,0.31,0.38,jev-1.13.0,452.46,310,31
360,random-bits-20260922-101742-274937,160,2026-09-22T10:19:06.374559+08:00,0,0.69,0.31,0.38,jev-1.13.0,471.35,310,31
361,random-bits-20260922-101742-274937,161,2026-09-22T10:19:06.846301+08:00,0,0.69,0.31,0.37,jev-1.13.0,446.63,310,31
362,random-bits-20260922-101742-274937,162,2026-09-22T10:19:07.293187+08:00,0,0.67,0.33,0.34,jev-1.13.0,762.81,310,31
363,random-bits-20260922-101742-274937,163,2026-09-22T10:19:08.056272+08:00,0,0.67,0.33,0.33,jev-1.13.0,420.63,310,31
364,random-bits-20260922-101742-274937,164,2026-09-22T10:19:08.477258+08:00,0,0.65,0.35,0.31,jev-1.13.0,508.71,310,31
365,random-bits-20260922-101742-274937,165,2026-09-22T10:19:08.986245+08:00,0,0.67,0.33,0.33,jev-1.13.0,407.47,310,31
366,random-bits-20260922-101742-274937,166,2026-09-22T10:19:09.393979+08:00,0,0.67,0.33,0.34,jev-1.13.0,453.18,310,31
367,random-bits-20260922-101742-274937,167,2026-09-22T10:19:09.847518+08:00,0,0.7,0.3,0.4,jev-1.13.0,422.92,310,31
368,random-bits-20260922-101742-274937,168,2026-09-22T10:19:10.270651+08:00,0,0.72,0.28,0.44,jev-1.13.0,442.23,310,31
369,random-bits-20260922-101742-274937,169,2026-09-22T10:19:10.713467+08:00,0,0.68,0.32,0.35,jev-1.13.0,959.67,310,31
370,random-bits-20260922-101742-274937,170,2026-09-22T10:19:11.673415+08:00,0,0.7,0.3,0.39,jev-1.13.0,438.71,310,31
371,random-bits-20260922-101742-274937,171,2026-09-22T10:19:12.112396+08:00,0,0.67,0.33,0.33,jev-1.13.0,444.48,310,31
372,random-bits-20260922-101742-274937,172,2026-09-22T10:19:12.557183+08:00,0,0.68,0.32,0.36,jev-1.13.0,469.59,310,31
373,random-bits-20260922-101742-274937,173,2026-09-22T10:19:13.027053+08:00,0,0.68,0.32,0.35,jev-1.13.0,447.38,310,31
374,random-bits-20260922-101742-274937,174,2026-09-22T10:19:13.474782+08:00,0,0.68,0.32,0.37,jev-1.13.0,409.07,310,31
375,random-bits-20260922-101742-274937,175,2026-09-22T10:19:13.884116+08:00,0,0.69,0.31,0.38,jev-1.13.0,454.8,310,31
376,random-bits-20260922-101742-274937,176,2026-09-22T10:19:14.339236+08:00,0,0.68,0.32,0.37,jev-1.13.0,442.59,310,31
377,random-bits-20260922-101742-274937,177,2026-09-22T10:19:14.782221+08:00,0,0.68,0.32,0.36,jev-1.13.0,433.58,310,31
378,random-bits-20260922-101742-274937,178,2026-09-22T10:19:15.216144+08:00,0,0.69,0.31,0.38,jev-1.13.0,477.01,310,31
379,random-bits-20260922-101742-274937,179,2026-09-22T10:19:15.693545+08:00,0,0.68,0.32,0.36,jev-1.13.0,448.16,310,31
380,random-bits-20260922-101742-274937,180,2026-09-22T10:19:16.142172+08:00,0,0.67,0.33,0.34,jev-1.13.0,447.2,310,31
381,random-bits-20260922-101742-274937,181,2026-09-22T10:19:16.589701+08:00,0,0.7,0.3,0.4,jev-1.13.0,940.63,310,31
382,random-bits-20260922-101742-274937,182,2026-09-22T10:19:17.530671+08:00,0,0.7,0.3,0.4,jev-1.13.0,456.79,310,31
383,random-bits-20260922-101742-274937,183,2026-09-22T10:19:17.987874+08:00,0,0.7,0.3,0.4,jev-1.13.0,445.5,310,31
384,random-bits-20260922-101742-274937,184,2026-09-22T10:19:18.433640+08:00,0,0.7,0.3,0.41,jev-1.13.0,404.22,310,31
385,random-bits-20260922-101742-274937,185,2026-09-22T10:19:18.838277+08:00,0,0.71,0.29,0.41,jev-1.13.0,922.57,310,31
386,random-bits-20260922-101742-274937,186,2026-09-22T10:19:19.761092+08:00,0,0.7,0.3,0.41,jev-1.13.0,457.32,310,31
387,random-bits-20260922-101742-274937,187,2026-09-22T10:19:20.218672+08:00,0,0.69,0.31,0.37,jev-1.13.0,426.42,310,31
388,random-bits-20260922-101742-274937,188,2026-09-22T10:19:20.645504+08:00,0,0.66,0.34,0.32,jev-1.13.0,473.52,310,31
389,random-bits-20260922-101742-274937,189,2026-09-22T10:19:21.119289+08:00,0,0.67,0.33,0.34,jev-1.13.0,444.89,310,31
390,random-bits-20260922-101742-274937,190,2026-09-22T10:19:21.564521+08:00,0,0.69,0.31,0.38,jev-1.13.0,416.53,310,31
391,random-bits-20260922-101742-274937,191,2026-09-22T10:19:21.981325+08:00,0,0.68,0.32,0.36,jev-1.13.0,484.49,310,31
392,random-bits-20260922-101742-274937,192,2026-09-22T10:19:22.466193+08:00,0,0.69,0.31,0.38,jev-1.13.0,414.57,310,31
393,random-bits-20260922-101742-274937,193,2026-09-22T10:19:22.881251+08:00,0,0.71,0.29,0.42,jev-1.13.0,422.88,310,31
394,random-bits-20260922-101742-274937,194,2026-09-22T10:19:23.304530+08:00,0,0.68,0.32,0.36,jev-1.13.0,426.61,310,31
395,random-bits-20260922-101742-274937,195,2026-09-22T10:19:23.731429+08:00,0,0.7,0.3,0.4,jev-1.13.0,434.32,310,31
396,random-bits-20260922-101742-274937,196,2026-09-22T10:19:24.166030+08:00,0,0.69,0.31,0.38,jev-1.13.0,429.35,310,31
397,random-bits-20260922-101742-274937,197,2026-09-22T10:19:24.595663+08:00,0,0.69,0.31,0.38,jev-1.13.0,445.29,310,31
398,random-bits-20260922-101742-274937,198,2026-09-22T10:19:25.041162+08:00,0,0.68,0.32,0.36,jev-1.13.0,467.87,310,31
399,random-bits-20260922-101742-274937,199,2026-09-22T10:19:25.509288+08:00,0,0.66,0.34,0.32,jev-1.13.0,473.82,310,31
400,random-bits-20260922-101742-274937,200,2026-09-22T10:19:25.983375+08:00,0,0.69,0.31,0.38,jev-1.13.0,1256.18,310,31
401,random-bits-20260922-101742-274937,201,2026-09-22T10:19:27.239801+08:00,0,0.67,0.33,0.34,jev-1.13.0,963.38,310,31
402,random-bits-20260922-101742-274937,202,2026-09-22T10:19:28.203404+08:00,0,0.68,0.32,0.35,jev-1.13.0,453.09,310,31
403,random-bits-20260922-101742-274937,203,2026-09-22T10:19:28.656861+08:00,0,0.65,0.35,0.31,jev-1.13.0,396.12,310,31
404,random-bits-20260922-101742-274937,204,2026-09-22T10:19:29.053269+08:00,0,0.68,0.32,0.37,jev-1.13.0,401.76,310,31
405,random-bits-20260922-101742-274937,205,2026-09-22T10:19:29.455292+08:00,0,0.7,0.3,0.39,jev-1.13.0,417.36,310,31
406,random-bits-20260922-101742-274937,206,2026-09-22T10:19:29.872924+08:00,0,0.67,0.33,0.35,jev-1.13.0,414.73,310,31
407,random-bits-20260922-101742-274937,207,2026-09-22T10:19:30.287963+08:00,0,0.7,0.3,0.39,jev-1.13.0,439.79,310,31
408,random-bits-20260922-101742-274937,208,2026-09-22T10:19:30.728160+08:00,0,0.66,0.34,0.32,jev-1.13.0,1428.96,310,31
409,random-bits-20260922-101742-274937,209,2026-09-22T10:19:32.157559+08:00,0,0.66,0.34,0.33,jev-1.13.0,443.48,310,31
410,random-bits-20260922-101742-274937,210,2026-09-22T10:19:32.601295+08:00,0,0.66,0.34,0.33,jev-1.13.0,471.5,310,31
411,random-bits-20260922-101742-274937,211,2026-09-22T10:19:33.073074+08:00,0,0.71,0.29,0.42,jev-1.13.0,433.45,310,31
412,random-bits-20260922-101742-274937,212,2026-09-22T10:19:33.506746+08:00,0,0.69,0.31,0.38,jev-1.13.0,435.29,310,31
413,random-bits-20260922-101742-274937,213,2026-09-22T10:19:33.942368+08:00,0,0.7,0.3,0.4,jev-1.13.0,433.88,310,31
414,random-bits-20260922-101742-274937,214,2026-09-22T10:19:34.376667+08:00,0,0.69,0.31,0.38,jev-1.13.0,471.89,310,31
415,random-bits-20260922-101742-274937,215,2026-09-22T10:19:34.848927+08:00,0,0.69,0.31,0.38,jev-1.13.0,419.34,310,31
416,random-bits-20260922-101742-274937,216,2026-09-22T10:19:35.268623+08:00,0,0.68,0.32,0.36,jev-1.13.0,421.06,310,31
417,random-bits-20260922-101742-274937,217,2026-09-22T10:19:35.689906+08:00,0,0.7,0.3,0.39,jev-1.13.0,963.88,310,31
418,random-bits-20260922-101742-274937,218,2026-09-22T10:19:36.654059+08:00,0,0.69,0.31,0.39,jev-1.13.0,429.67,310,31
419,random-bits-20260922-101742-274937,219,2026-09-22T10:19:37.083966+08:00,0,0.7,0.3,0.41,jev-1.13.0,456.32,310,31
420,random-bits-20260922-101742-274937,220,2026-09-22T10:19:37.540544+08:00,0,0.68,0.32,0.37,jev-1.13.0,417.23,310,31
421,random-bits-20260922-101742-274937,221,2026-09-22T10:19:37.958014+08:00,0,0.67,0.33,0.34,jev-1.13.0,404.87,310,31
422,random-bits-20260922-101742-274937,222,2026-09-22T10:19:38.363284+08:00,0,0.68,0.32,0.36,jev-1.13.0,431.92,310,31
423,random-bits-20260922-101742-274937,223,2026-09-22T10:19:38.795493+08:00,0,0.69,0.31,0.38,jev-1.13.0,412.53,310,31
424,random-bits-20260922-101742-274937,224,2026-09-22T10:19:39.208296+08:00,0,0.7,0.3,0.39,jev-1.13.0,409.32,310,31
425,random-bits-20260922-101742-274937,225,2026-09-22T10:19:39.617872+08:00,0,0.66,0.34,0.32,jev-1.13.0,419.57,310,31
426,random-bits-20260922-101742-274937,226,2026-09-22T10:19:40.037807+08:00,0,0.7,0.3,0.4,jev-1.13.0,409.6,310,31
427,random-bits-20260922-101742-274937,227,2026-09-22T10:19:40.447668+08:00,0,0.68,0.32,0.37,jev-1.13.0,416.59,310,31
428,random-bits-20260922-101742-274937,228,2026-09-22T10:19:40.864528+08:00,0,0.72,0.28,0.43,jev-1.13.0,428.7,310,31
429,random-bits-20260922-101742-274937,229,2026-09-22T10:19:41.293544+08:00,0,0.71,0.29,0.41,jev-1.13.0,950.26,310,31
430,random-bits-20260922-101742-274937,230,2026-09-22T10:19:42.244016+08:00,0,0.68,0.32,0.36,jev-1.13.0,419.97,310,31
431,random-bits-20260922-101742-274937,231,2026-09-22T10:19:42.664256+08:00,0,0.72,0.28,0.45,jev-1.13.0,495.32,310,31
432,random-bits-20260922-101742-274937,232,2026-09-22T10:19:43.159830+08:00,0,0.7,0.3,0.4,jev-1.13.0,1275.09,310,31
433,random-bits-20260922-101742-274937,233,2026-09-22T10:19:44.435141+08:00,0,0.69,0.31,0.38,jev-1.13.0,441.88,310,31
434,random-bits-20260922-101742-274937,234,2026-09-22T10:19:44.877284+08:00,0,0.67,0.33,0.34,jev-1.13.0,413.97,310,31
435,random-bits-20260922-101742-274937,235,2026-09-22T10:19:45.291603+08:00,0,0.7,0.3,0.41,jev-1.13.0,444.95,310,31
436,random-bits-20260922-101742-274937,236,2026-09-22T10:19:45.736819+08:00,0,0.69,0.31,0.38,jev-1.13.0,520.47,310,31
437,random-bits-20260922-101742-274937,237,2026-09-22T10:19:46.257568+08:00,0,0.69,0.31,0.39,jev-1.13.0,436.79,310,31
438,random-bits-20260922-101742-274937,238,2026-09-22T10:19:46.694759+08:00,0,0.69,0.31,0.38,jev-1.13.0,405.06,310,31
439,random-bits-20260922-101742-274937,239,2026-09-22T10:19:47.100116+08:00,0,0.66,0.34,0.33,jev-1.13.0,418.63,310,31
440,random-bits-20260922-101742-274937,240,2026-09-22T10:19:47.518959+08:00,0,0.69,0.31,0.38,jev-1.13.0,411.93,310,31
441,random-bits-20260922-101742-274937,241,2026-09-22T10:19:47.931119+08:00,0,0.69,0.31,0.37,jev-1.13.0,416.18,310,31
442,random-bits-20260922-101742-274937,242,2026-09-22T10:19:48.347549+08:00,0,0.69,0.31,0.37,jev-1.13.0,893.62,310,31
443,random-bits-20260922-101742-274937,243,2026-09-22T10:19:49.241458+08:00,0,0.69,0.31,0.39,jev-1.13.0,669.97,310,31
444,random-bits-20260922-101742-274937,244,2026-09-22T10:19:49.913179+08:00,0,0.68,0.32,0.36,jev-1.13.0,410.19,310,31
445,random-bits-20260922-101742-274937,245,2026-09-22T10:19:50.323629+08:00,0,0.69,0.31,0.38,jev-1.13.0,454.16,310,31
446,random-bits-20260922-101742-274937,246,2026-09-22T10:19:50.778027+08:00,0,0.7,0.3,0.39,jev-1.13.0,1195.78,310,31
447,random-bits-20260922-101742-274937,247,2026-09-22T10:19:51.974066+08:00,0,0.71,0.29,0.43,jev-1.13.0,422.53,310,31
448,random-bits-20260922-101742-274937,248,2026-09-22T10:19:52.396799+08:00,0,0.71,0.29,0.43,jev-1.13.0,408.66,310,31
449,random-bits-20260922-101742-274937,249,2026-09-22T10:19:52.805861+08:00,0,0.73,0.27,0.45,jev-1.13.0,417.9,310,31
450,random-bits-20260922-101742-274937,250,2026-09-22T10:19:53.224100+08:00,0,0.7,0.3,0.41,jev-1.13.0,425.08,310,31
451,random-bits-20260922-101742-274937,251,2026-09-22T10:19:53.649470+08:00,0,0.71,0.29,0.42,jev-1.13.0,420.29,310,31
452,random-bits-20260922-101742-274937,252,2026-09-22T10:19:54.069965+08:00,0,0.69,0.31,0.39,jev-1.13.0,438.99,310,31
453,random-bits-20260922-101742-274937,253,2026-09-22T10:19:54.509185+08:00,0,0.68,0.32,0.36,jev-1.13.0,432.46,310,31
454,random-bits-20260922-101742-274937,254,2026-09-22T10:19:54.941871+08:00,0,0.7,0.3,0.41,jev-1.13.0,441.17,310,31
455,random-bits-20260922-101742-274937,255,2026-09-22T10:19:55.383231+08:00,0,0.67,0.33,0.34,jev-1.13.0,456.01,310,31
456,random-bits-20260922-101742-274937,256,2026-09-22T10:19:55.839537+08:00,0,0.68,0.32,0.35,jev-1.13.0,399.82,310,31
457,random-bits-20260922-101742-274937,257,2026-09-22T10:19:56.239583+08:00,0,0.7,0.3,0.4,jev-1.13.0,408.43,310,31
458,random-bits-20260922-101742-274937,258,2026-09-22T10:19:56.648215+08:00,0,0.68,0.32,0.36,jev-1.13.0,442.71,310,31
459,random-bits-20260922-101742-274937,259,2026-09-22T10:19:57.091153+08:00,0,0.7,0.3,0.4,jev-1.13.0,490.5,310,31
460,random-bits-20260922-101742-274937,260,2026-09-22T10:19:57.581989+08:00,0,0.69,0.31,0.37,jev-1.13.0,428.26,310,31
461,random-bits-20260922-101742-274937,261,2026-09-22T10:19:58.010592+08:00,0,0.69,0.31,0.37,jev-1.13.0,424.33,310,31
462,random-bits-20260922-101742-274937,262,2026-09-22T10:19:58.435164+08:00,0,0.68,0.32,0.36,jev-1.13.0,452.16,310,31
463,random-bits-20260922-101742-274937,263,2026-09-22T10:19:58.887734+08:00,0,0.69,0.31,0.37,jev-1.13.0,407.63,310,31
464,random-bits-20260922-101742-274937,264,2026-09-22T10:19:59.295661+08:00,0,0.68,0.32,0.35,jev-1.13.0,397.72,310,31
465,random-bits-20260922-101742-274937,265,2026-09-22T10:19:59.693699+08:00,0,0.68,0.32,0.36,jev-1.13.0,415.98,310,31
466,random-bits-20260922-101742-274937,266,2026-09-22T10:20:00.109921+08:00,0,0.69,0.31,0.39,jev-1.13.0,427.28,310,31
467,random-bits-20260922-101742-274937,267,2026-09-22T10:20:00.537523+08:00,0,0.71,0.29,0.42,jev-1.13.0,404.52,310,31
468,random-bits-20260922-101742-274937,268,2026-09-22T10:20:00.942290+08:00,0,0.71,0.29,0.42,jev-1.13.0,447.03,310,31
469,random-bits-20260922-101742-274937,269,2026-09-22T10:20:01.389506+08:00,0,0.67,0.33,0.34,jev-1.13.0,481.24,310,31
470,random-bits-20260922-101742-274937,270,2026-09-22T10:20:01.871167+08:00,0,0.7,0.3,0.4,jev-1.13.0,460.39,310,31
471,random-bits-20260922-101742-274937,271,2026-09-22T10:20:02.331791+08:00,0,0.71,0.29,0.43,jev-1.13.0,431.67,310,31
472,random-bits-20260922-101742-274937,272,2026-09-22T10:20:02.763770+08:00,0,0.67,0.33,0.33,jev-1.13.0,770.08,310,31
473,random-bits-20260922-101742-274937,273,2026-09-22T10:20:03.534105+08:00,0,0.68,0.32,0.37,jev-1.13.0,451.54,310,31
474,random-bits-20260922-101742-274937,274,2026-09-22T10:20:03.985843+08:00,0,0.69,0.31,0.38,jev-1.13.0,1216.13,310,31
475,random-bits-20260922-101742-274937,275,2026-09-22T10:20:05.202162+08:00,0,0.68,0.32,0.36,jev-1.13.0,489.88,310,31
476,random-bits-20260922-101742-274937,276,2026-09-22T10:20:05.692294+08:00,0,0.71,0.29,0.42,jev-1.13.0,498.36,310,31
477,random-bits-20260922-101742-274937,277,2026-09-22T10:20:06.190862+08:00,0,0.69,0.31,0.37,jev-1.13.0,464.62,310,31
478,random-bits-20260922-101742-274937,278,2026-09-22T10:20:06.655713+08:00,0,0.68,0.32,0.37,jev-1.13.0,435.76,310,31
479,random-bits-20260922-101742-274937,279,2026-09-22T10:20:07.091678+08:00,0,0.7,0.3,0.41,jev-1.13.0,497.25,310,31
480,random-bits-20260922-101742-274937,280,2026-09-22T10:20:07.589171+08:00,0,0.71,0.29,0.41,jev-1.13.0,447.8,310,31
481,random-bits-20260922-101742-274937,281,2026-09-22T10:20:08.037268+08:00,0,0.68,0.32,0.36,jev-1.13.0,467.98,310,31
482,random-bits-20260922-101742-274937,282,2026-09-22T10:20:08.505491+08:00,0,0.69,0.31,0.37,jev-1.13.0,764.33,310,31
483,random-bits-20260922-101742-274937,283,2026-09-22T10:20:09.270064+08:00,0,0.68,0.32,0.35,jev-1.13.0,439.1,310,31
484,random-bits-20260922-101742-274937,284,2026-09-22T10:20:09.709405+08:00,0,0.67,0.33,0.34,jev-1.13.0,441.87,310,31
485,random-bits-20260922-101742-274937,285,2026-09-22T10:20:10.151518+08:00,0,0.67,0.33,0.34,jev-1.13.0,916.55,310,31
486,random-bits-20260922-101742-274937,286,2026-09-22T10:20:11.068349+08:00,0,0.69,0.31,0.38,jev-1.13.0,495.74,310,31
487,random-bits-20260922-101742-274937,287,2026-09-22T10:20:11.564329+08:00,0,0.72,0.28,0.44,jev-1.13.0,466.74,310,31
488,random-bits-20260922-101742-274937,288,2026-09-22T10:20:12.031316+08:00,0,0.71,0.29,0.41,jev-1.13.0,924.19,310,31
489,random-bits-20260922-101742-274937,289,2026-09-22T10:20:12.955755+08:00,0,0.69,0.31,0.39,jev-1.13.0,747.5,310,31
490,random-bits-20260922-101742-274937,290,2026-09-22T10:20:13.703553+08:00,0,0.7,0.3,0.39,jev-1.13.0,410.99,310,31
491,random-bits-20260922-101742-274937,291,2026-09-22T10:20:14.114786+08:00,0,0.69,0.31,0.38,jev-1.13.0,417.0,310,31
492,random-bits-20260922-101742-274937,292,2026-09-22T10:20:14.532020+08:00,0,0.69,0.31,0.39,jev-1.13.0,484.65,310,31
493,random-bits-20260922-101742-274937,293,2026-09-22T10:20:15.016910+08:00,0,0.7,0.3,0.41,jev-1.13.0,478.12,310,31
494,random-bits-20260922-101742-274937,294,2026-09-22T10:20:15.495279+08:00,0,0.67,0.33,0.33,jev-1.13.0,442.98,310,31
495,random-bits-20260922-101742-274937,295,2026-09-22T10:20:15.938540+08:00,0,0.67,0.33,0.35,jev-1.13.0,515.88,310,31
496,random-bits-20260922-101742-274937,296,2026-09-22T10:20:16.454765+08:00,0,0.63,0.37,0.26,jev-1.13.0,478.43,310,31
497,random-bits-20260922-101742-274937,297,2026-09-22T10:20:16.933525+08:00,0,0.7,0.3,0.41,jev-1.13.0,406.3,310,31
498,random-bits-20260922-101742-274937,298,2026-09-22T10:20:17.340009+08:00,0,0.71,0.29,0.41,jev-1.13.0,848.29,310,31
499,random-bits-20260922-101742-274937,299,2026-09-22T10:20:18.188532+08:00,0,0.67,0.33,0.35,jev-1.13.0,451.17,310,31
500,random-bits-20260922-101742-274937,300,2026-09-22T10:20:18.639933+08:00,0,0.69,0.31,0.39,jev-1.13.0,451.3,310,31
501,random-bits-20260922-101742-274937,301,2026-09-22T10:20:19.091458+08:00,0,0.7,0.3,0.4,jev-1.13.0,1170.38,310,31
502,random-bits-20260922-101742-274937,302,2026-09-22T10:20:20.262166+08:00,0,0.69,0.31,0.37,jev-1.13.0,437.3,310,31
503,random-bits-20260922-101742-274937,303,2026-09-22T10:20:20.699703+08:00,0,0.69,0.31,0.37,jev-1.13.0,531.06,310,31
504,random-bits-20260922-101742-274937,304,2026-09-22T10:20:21.231008+08:00,0,0.69,0.31,0.38,jev-1.13.0,404.67,310,31
505,random-bits-20260922-101742-274937,305,2026-09-22T10:20:21.635924+08:00,0,0.72,0.28,0.44,jev-1.13.0,453.25,310,31
506,random-bits-20260922-101742-274937,306,2026-09-22T10:20:22.089430+08:00,0,0.69,0.31,0.38,jev-1.13.0,418.59,310,31
507,random-bits-20260922-101742-274937,307,2026-09-22T10:20:22.508210+08:00,0,0.67,0.33,0.33,jev-1.13.0,945.52,310,31
508,random-bits-20260922-101742-274937,308,2026-09-22T10:20:23.454028+08:00,0,0.69,0.31,0.39,jev-1.13.0,459.32,310,31
509,random-bits-20260922-101742-274937,309,2026-09-22T10:20:23.913593+08:00,0,0.69,0.31,0.38,jev-1.13.0,450.0,310,31
510,random-bits-20260922-101742-274937,310,2026-09-22T10:20:24.363906+08:00,0,0.68,0.32,0.35,jev-1.13.0,433.94,310,31
511,random-bits-20260922-101742-274937,311,2026-09-22T10:20:24.798213+08:00,0,0.68,0.32,0.35,jev-1.13.0,445.74,310,31
512,random-bits-20260922-101742-274937,312,2026-09-22T10:20:25.244170+08:00,0,0.71,0.29,0.42,jev-1.13.0,404.89,310,31
513,random-bits-20260922-101742-274937,313,2026-09-22T10:20:25.649282+08:00,0,0.71,0.29,0.43,jev-1.13.0,467.44,310,31
514,random-bits-20260922-101742-274937,314,2026-09-22T10:20:26.116949+08:00,0,0.7,0.3,0.4,jev-1.13.0,468.99,310,31
515,random-bits-20260922-101742-274937,315,2026-09-22T10:20:26.586192+08:00,0,0.67,0.33,0.34,jev-1.13.0,452.78,310,31
516,random-bits-20260922-101742-274937,316,2026-09-22T10:20:27.039223+08:00,0,0.7,0.3,0.39,jev-1.13.0,441.94,310,31
517,random-bits-20260922-101742-274937,317,2026-09-22T10:20:27.481407+08:00,0,0.68,0.32,0.35,jev-1.13.0,449.13,310,31
518,random-bits-20260922-101742-274937,318,2026-09-22T10:20:27.930787+08:00,0,0.7,0.3,0.39,jev-1.13.0,420.31,310,31
519,random-bits-20260922-101742-274937,319,2026-09-22T10:20:28.351288+08:00,0,0.69,0.31,0.38,jev-1.13.0,435.04,310,31
520,random-bits-20260922-101742-274937,320,2026-09-22T10:20:28.786570+08:00,0,0.71,0.29,0.42,jev-1.13.0,767.63,310,31
521,random-bits-20260922-101742-274937,321,2026-09-22T10:20:29.554526+08:00,0,0.68,0.32,0.35,jev-1.13.0,432.4,310,31
522,random-bits-20260922-101742-274937,322,2026-09-22T10:20:29.987215+08:00,0,0.68,0.32,0.36,jev-1.13.0,436.85,310,31
523,random-bits-20260922-101742-274937,323,2026-09-22T10:20:30.424300+08:00,0,0.68,0.32,0.36,jev-1.13.0,431.09,310,31
524,random-bits-20260922-101742-274937,324,2026-09-22T10:20:30.855580+08:00,0,0.69,0.31,0.39,jev-1.13.0,402.27,310,31
525,random-bits-20260922-101742-274937,325,2026-09-22T10:20:31.258050+08:00,0,0.67,0.33,0.34,jev-1.13.0,440.4,310,31
526,random-bits-20260922-101742-274937,326,2026-09-22T10:20:31.698719+08:00,0,0.71,0.29,0.43,jev-1.13.0,1203.13,310,31
527,random-bits-20260922-101742-274937,327,2026-09-22T10:20:32.902181+08:00,0,0.67,0.33,0.34,jev-1.13.0,488.42,310,31
528,random-bits-20260922-101742-274937,328,2026-09-22T10:20:33.390849+08:00,0,0.71,0.29,0.42,jev-1.13.0,419.23,310,31
529,random-bits-20260922-101742-274937,329,2026-09-22T10:20:33.810346+08:00,0,0.67,0.33,0.34,jev-1.13.0,415.87,310,31
530,random-bits-20260922-101742-274937,330,2026-09-22T10:20:34.226458+08:00,0,0.68,0.32,0.36,jev-1.13.0,538.89,310,31
531,random-bits-20260922-101742-274937,331,2026-09-22T10:20:34.765546+08:00,0,0.69,0.31,0.38,jev-1.13.0,456.15,310,31
532,random-bits-20260922-101742-274937,332,2026-09-22T10:20:35.221983+08:00,0,0.73,0.27,0.46,jev-1.13.0,455.13,310,31
533,random-bits-20260922-101742-274937,333,2026-09-22T10:20:35.677406+08:00,0,0.7,0.3,0.4,jev-1.13.0,429.96,310,31
534,random-bits-20260922-101742-274937,334,2026-09-22T10:20:36.107605+08:00,0,0.71,0.29,0.42,jev-1.13.0,424.49,310,31
535,random-bits-20260922-101742-274937,335,2026-09-22T10:20:36.532331+08:00,0,0.71,0.29,0.42,jev-1.13.0,1286.37,310,31
536,random-bits-20260922-101742-274937,336,2026-09-22T10:20:37.818951+08:00,0,0.68,0.32,0.36,jev-1.13.0,732.06,310,31
537,random-bits-20260922-101742-274937,337,2026-09-22T10:20:38.551220+08:00,0,0.66,0.34,0.32,jev-1.13.0,1271.06,310,31
538,random-bits-20260922-101742-274937,338,2026-09-22T10:20:39.822624+08:00,0,0.67,0.33,0.34,jev-1.13.0,431.82,310,31
539,random-bits-20260922-101742-274937,339,2026-09-22T10:20:40.254808+08:00,0,0.67,0.33,0.33,jev-1.13.0,428.49,310,31
540,random-bits-20260922-101742-274937,340,2026-09-22T10:20:40.683620+08:00,0,0.68,0.32,0.36,jev-1.13.0,468.25,310,31
541,random-bits-20260922-101742-274937,341,2026-09-22T10:20:41.152178+08:00,0,0.67,0.33,0.34,jev-1.13.0,389.02,310,31
542,random-bits-20260922-101742-274937,342,2026-09-22T10:20:41.541447+08:00,0,0.71,0.29,0.41,jev-1.13.0,1264.41,310,31
543,random-bits-20260922-101742-274937,343,2026-09-22T10:20:42.806090+08:00,0,0.66,0.34,0.33,jev-1.13.0,458.07,310,31
544,random-bits-20260922-101742-274937,344,2026-09-22T10:20:43.264351+08:00,0,0.69,0.31,0.39,jev-1.13.0,428.19,310,31
545,random-bits-20260922-101742-274937,345,2026-09-22T10:20:43.692727+08:00,0,0.69,0.31,0.38,jev-1.13.0,441.4,310,31
546,random-bits-20260922-101742-274937,346,2026-09-22T10:20:44.134343+08:00,0,0.67,0.33,0.34,jev-1.13.0,517.49,310,31
547,random-bits-20260922-101742-274937,347,2026-09-22T10:20:44.652090+08:00,0,0.72,0.28,0.43,jev-1.13.0,501.83,310,31
548,random-bits-20260922-101742-274937,348,2026-09-22T10:20:45.154287+08:00,0,0.69,0.31,0.37,jev-1.13.0,468.2,310,31
549,random-bits-20260922-101742-274937,349,2026-09-22T10:20:45.622681+08:00,0,0.7,0.3,0.4,jev-1.13.0,448.61,310,31
550,random-bits-20260922-101742-274937,350,2026-09-22T10:20:46.071623+08:00,0,0.7,0.3,0.4,jev-1.13.0,433.86,310,31
551,random-bits-20260922-101742-274937,351,2026-09-22T10:20:46.505805+08:00,0,0.7,0.3,0.4,jev-1.13.0,428.34,310,31
552,random-bits-20260922-101742-274937,352,2026-09-22T10:20:46.934364+08:00,0,0.66,0.34,0.31,jev-1.13.0,1206.43,310,31
553,random-bits-20260922-101742-274937,353,2026-09-22T10:20:48.141001+08:00,0,0.7,0.3,0.4,jev-1.13.0,431.1,310,31
554,random-bits-20260922-101742-274937,354,2026-09-22T10:20:48.572395+08:00,0,0.69,0.31,0.37,jev-1.13.0,443.07,310,31
555,random-bits-20260922-101742-274937,355,2026-09-22T10:20:49.015714+08:00,0,0.68,0.32,0.36,jev-1.13.0,960.2,310,31
556,random-bits-20260922-101742-274937,356,2026-09-22T10:20:49.976221+08:00,0,0.71,0.29,0.41,jev-1.13.0,420.84,310,31
557,random-bits-20260922-101742-274937,357,2026-09-22T10:20:50.397253+08:00,0,0.71,0.29,0.42,jev-1.13.0,418.61,310,31
558,random-bits-20260922-101742-274937,358,2026-09-22T10:20:50.816097+08:00,0,0.7,0.3,0.4,jev-1.13.0,772.94,310,31
559,random-bits-20260922-101742-274937,359,2026-09-22T10:20:51.589250+08:00,0,0.65,0.35,0.31,jev-1.13.0,442.16,310,31
560,random-bits-20260922-101742-274937,360,2026-09-22T10:20:52.031689+08:00,0,0.7,0.3,0.39,jev-1.13.0,429.34,310,31
561,random-bits-20260922-101742-274937,361,2026-09-22T10:20:52.461399+08:00,0,0.69,0.31,0.37,jev-1.13.0,420.45,310,31
562,random-bits-20260922-101742-274937,362,2026-09-22T10:20:52.882079+08:00,0,0.69,0.31,0.38,jev-1.13.0,1215.13,310,31
563,random-bits-20260922-101742-274937,363,2026-09-22T10:20:54.097559+08:00,0,0.7,0.3,0.39,jev-1.13.0,461.4,310,31
564,random-bits-20260922-101742-274937,364,2026-09-22T10:20:54.559283+08:00,0,0.68,0.32,0.36,jev-1.13.0,416.85,310,31
565,random-bits-20260922-101742-274937,365,2026-09-22T10:20:54.976441+08:00,0,0.7,0.3,0.39,jev-1.13.0,1235.52,310,31
566,random-bits-20260922-101742-274937,366,2026-09-22T10:20:56.212199+08:00,0,0.67,0.33,0.33,jev-1.13.0,518.69,310,31
567,random-bits-20260922-101742-274937,367,2026-09-22T10:20:56.731179+08:00,0,0.68,0.32,0.35,jev-1.13.0,445.57,310,31
568,random-bits-20260922-101742-274937,368,2026-09-22T10:20:57.177043+08:00,0,0.68,0.32,0.35,jev-1.13.0,413.85,310,31
569,random-bits-20260922-101742-274937,369,2026-09-22T10:20:57.591132+08:00,0,0.69,0.31,0.37,jev-1.13.0,407.63,310,31
570,random-bits-20260922-101742-274937,370,2026-09-22T10:20:57.999048+08:00,0,0.69,0.31,0.37,jev-1.13.0,1488.86,310,31
571,random-bits-20260922-101742-274937,371,2026-09-22T10:20:59.488093+08:00,0,0.69,0.31,0.38,jev-1.13.0,416.25,310,31
572,random-bits-20260922-101742-274937,372,2026-09-22T10:20:59.904639+08:00,0,0.7,0.3,0.4,jev-1.13.0,473.5,310,31
573,random-bits-20260922-101742-274937,373,2026-09-22T10:21:00.378554+08:00,0,0.69,0.31,0.37,jev-1.13.0,1233.36,310,31
574,random-bits-20260922-101742-274937,374,2026-09-22T10:21:01.612180+08:00,0,0.68,0.32,0.37,jev-1.13.0,452.23,310,31
575,random-bits-20260922-101742-274937,375,2026-09-22T10:21:02.064597+08:00,0,0.7,0.3,0.39,jev-1.13.0,517.32,310,31
576,random-bits-20260922-101742-274937,376,2026-09-22T10:21:02.582285+08:00,0,0.68,0.32,0.36,jev-1.13.0,427.21,310,31
577,random-bits-20260922-101742-274937,377,2026-09-22T10:21:03.009739+08:00,0,0.67,0.33,0.35,jev-1.13.0,485.18,310,31
578,random-bits-20260922-101742-274937,378,2026-09-22T10:21:03.495219+08:00,0,0.7,0.3,0.4,jev-1.13.0,451.57,310,31
579,random-bits-20260922-101742-274937,379,2026-09-22T10:21:03.947048+08:00,0,0.7,0.3,0.39,jev-1.13.0,809.78,310,31
580,random-bits-20260922-101742-274937,380,2026-09-22T10:21:04.757044+08:00,0,0.68,0.32,0.36,jev-1.13.0,495.11,310,31
581,random-bits-20260922-101742-274937,381,2026-09-22T10:21:05.252656+08:00,0,0.7,0.3,0.41,jev-1.13.0,451.5,310,31
582,random-bits-20260922-101742-274937,382,2026-09-22T10:21:05.704352+08:00,0,0.67,0.33,0.33,jev-1.13.0,446.79,310,31
583,random-bits-20260922-101742-274937,383,2026-09-22T10:21:06.151365+08:00,0,0.67,0.33,0.34,jev-1.13.0,406.65,310,31
584,random-bits-20260922-101742-274937,384,2026-09-22T10:21:06.558247+08:00,0,0.71,0.29,0.41,jev-1.13.0,448.68,310,31
585,random-bits-20260922-101742-274937,385,2026-09-22T10:21:07.007160+08:00,0,0.72,0.28,0.43,jev-1.13.0,407.32,310,31
586,random-bits-20260922-101742-274937,386,2026-09-22T10:21:07.414756+08:00,0,0.7,0.3,0.4,jev-1.13.0,456.04,310,31
587,random-bits-20260922-101742-274937,387,2026-09-22T10:21:07.871013+08:00,0,0.7,0.3,0.4,jev-1.13.0,419.81,310,31
588,random-bits-20260922-101742-274937,388,2026-09-22T10:21:08.291105+08:00,0,0.71,0.29,0.43,jev-1.13.0,476.14,310,31
589,random-bits-20260922-101742-274937,389,2026-09-22T10:21:08.767675+08:00,0,0.69,0.31,0.38,jev-1.13.0,440.32,310,31
590,random-bits-20260922-101742-274937,390,2026-09-22T10:21:09.208236+08:00,0,0.68,0.32,0.36,jev-1.13.0,429.32,310,31
591,random-bits-20260922-101742-274937,391,2026-09-22T10:21:09.637894+08:00,0,0.69,0.31,0.37,jev-1.13.0,440.83,310,31
592,random-bits-20260922-101742-274937,392,2026-09-22T10:21:10.079019+08:00,0,0.7,0.3,0.41,jev-1.13.0,724.79,310,31
593,random-bits-20260922-101742-274937,393,2026-09-22T10:21:10.804093+08:00,0,0.68,0.32,0.35,jev-1.13.0,449.49,310,31
594,random-bits-20260922-101742-274937,394,2026-09-22T10:21:11.253897+08:00,0,0.68,0.32,0.36,jev-1.13.0,433.5,310,31
595,random-bits-20260922-101742-274937,395,2026-09-22T10:21:11.687681+08:00,0,0.69,0.31,0.38,jev-1.13.0,488.05,310,31
596,random-bits-20260922-101742-274937,396,2026-09-22T10:21:12.175957+08:00,0,0.67,0.33,0.33,jev-1.13.0,429.1,310,31
597,random-bits-20260922-101742-274937,397,2026-09-22T10:21:12.605469+08:00,0,0.68,0.32,0.35,jev-1.13.0,394.86,310,31
598,random-bits-20260922-101742-274937,398,2026-09-22T10:21:13.000614+08:00,0,0.69,0.31,0.39,jev-1.13.0,1221.48,310,31
599,random-bits-20260922-101742-274937,399,2026-09-22T10:21:14.222321+08:00,0,0.66,0.34,0.32,jev-1.13.0,467.67,310,31
600,random-bits-20260922-101742-274937,400,2026-09-22T10:21:14.690231+08:00,0,0.68,0.32,0.36,jev-1.13.0,412.87,310,31
601,random-bits-20260922-101742-274937,401,2026-09-22T10:21:15.103339+08:00,0,0.66,0.34,0.32,jev-1.13.0,454.17,310,31
602,random-bits-20260922-101742-274937,402,2026-09-22T10:21:15.557713+08:00,0,0.72,0.28,0.44,jev-1.13.0,415.26,310,31
603,random-bits-20260922-101742-274937,403,2026-09-22T10:21:15.973252+08:00,0,0.71,0.29,0.43,jev-1.13.0,442.09,310,31
604,random-bits-20260922-101742-274937,404,2026-09-22T10:21:16.415528+08:00,0,0.67,0.33,0.33,jev-1.13.0,457.99,310,31
605,random-bits-20260922-101742-274937,405,2026-09-22T10:21:16.873727+08:00,0,0.69,0.31,0.38,jev-1.13.0,435.99,310,31
606,random-bits-20260922-101742-274937,406,2026-09-22T10:21:17.309981+08:00,0,0.69,0.31,0.38,jev-1.13.0,444.76,310,31
607,random-bits-20260922-101742-274937,407,2026-09-22T10:21:17.754978+08:00,0,0.66,0.34,0.32,jev-1.13.0,443.75,310,31
608,random-bits-20260922-101742-274937,408,2026-09-22T10:21:18.198940+08:00,0,0.7,0.3,0.4,jev-1.13.0,457.87,310,31
609,random-bits-20260922-101742-274937,409,2026-09-22T10:21:18.657131+08:00,0,0.69,0.31,0.38,jev-1.13.0,441.58,310,31
610,random-bits-20260922-101742-274937,410,2026-09-22T10:21:19.098985+08:00,0,0.68,0.32,0.35,jev-1.13.0,433.59,310,31
611,random-bits-20260922-101742-274937,411,2026-09-22T10:21:19.532879+08:00,0,0.69,0.31,0.37,jev-1.13.0,458.28,310,31
612,random-bits-20260922-101742-274937,412,2026-09-22T10:21:19.991430+08:00,0,0.68,0.32,0.36,jev-1.13.0,468.66,310,31
613,random-bits-20260922-101742-274937,413,2026-09-22T10:21:20.460427+08:00,0,0.7,0.3,0.39,jev-1.13.0,439.73,310,31
614,random-bits-20260922-101742-274937,414,2026-09-22T10:21:20.900525+08:00,0,0.68,0.32,0.37,jev-1.13.0,463.8,310,31
615,random-bits-20260922-101742-274937,415,2026-09-22T10:21:21.364540+08:00,0,0.7,0.3,0.41,jev-1.13.0,428.23,310,31
616,random-bits-20260922-101742-274937,416,2026-09-22T10:21:21.793025+08:00,0,0.69,0.31,0.38,jev-1.13.0,527.6,310,31
617,random-bits-20260922-101742-274937,417,2026-09-22T10:21:22.320952+08:00,0,0.68,0.32,0.36,jev-1.13.0,970.7,310,31
618,random-bits-20260922-101742-274937,418,2026-09-22T10:21:23.291985+08:00,0,0.68,0.32,0.36,jev-1.13.0,440.08,310,31
619,random-bits-20260922-101742-274937,419,2026-09-22T10:21:23.732341+08:00,0,0.68,0.32,0.36,jev-1.13.0,464.14,310,31
620,random-bits-20260922-101742-274937,420,2026-09-22T10:21:24.196698+08:00,0,0.7,0.3,0.39,jev-1.13.0,1201.19,310,31
621,random-bits-20260922-101742-274937,421,2026-09-22T10:21:25.398226+08:00,0,0.67,0.33,0.34,jev-1.13.0,1234.71,310,31
622,random-bits-20260922-101742-274937,422,2026-09-22T10:21:26.633169+08:00,0,0.67,0.33,0.35,jev-1.13.0,422.34,310,31
623,random-bits-20260922-101742-274937,423,2026-09-22T10:21:27.055787+08:00,0,0.7,0.3,0.41,jev-1.13.0,952.0,310,31
624,random-bits-20260922-101742-274937,424,2026-09-22T10:21:28.008046+08:00,0,0.7,0.3,0.41,jev-1.13.0,443.92,310,31
625,random-bits-20260922-101742-274937,425,2026-09-22T10:21:28.452238+08:00,0,0.69,0.31,0.38,jev-1.13.0,439.62,310,31
626,random-bits-20260922-101742-274937,426,2026-09-22T10:21:28.892092+08:00,0,0.72,0.28,0.44,jev-1.13.0,438.91,310,31
627,random-bits-20260922-101742-274937,427,2026-09-22T10:21:29.331187+08:00,0,0.68,0.32,0.36,jev-1.13.0,942.13,310,31
628,random-bits-20260922-101742-274937,428,2026-09-22T10:21:30.273552+08:00,0,0.69,0.31,0.38,jev-1.13.0,463.66,310,31
629,random-bits-20260922-101742-274937,429,2026-09-22T10:21:30.737479+08:00,0,0.67,0.33,0.35,jev-1.13.0,429.5,310,31
630,random-bits-20260922-101742-274937,430,2026-09-22T10:21:31.167286+08:00,0,0.7,0.3,0.39,jev-1.13.0,443.03,310,31
631,random-bits-20260922-101742-274937,431,2026-09-22T10:21:31.610786+08:00,0,0.7,0.3,0.4,jev-1.13.0,523.3,310,31
632,random-bits-20260922-101742-274937,432,2026-09-22T10:21:32.134399+08:00,0,0.73,0.27,0.45,jev-1.13.0,442.55,310,31
633,random-bits-20260922-101742-274937,433,2026-09-22T10:21:32.577331+08:00,0,0.69,0.31,0.38,jev-1.13.0,456.44,310,31
634,random-bits-20260922-101742-274937,434,2026-09-22T10:21:33.034123+08:00,0,0.69,0.31,0.38,jev-1.13.0,437.16,310,31
635,random-bits-20260922-101742-274937,435,2026-09-22T10:21:33.471537+08:00,0,0.7,0.3,0.4,jev-1.13.0,472.15,310,31
636,random-bits-20260922-101742-274937,436,2026-09-22T10:21:33.943972+08:00,0,0.68,0.32,0.36,jev-1.13.0,537.66,310,31
637,random-bits-20260922-101742-274937,437,2026-09-22T10:21:34.481886+08:00,0,0.7,0.3,0.4,jev-1.13.0,424.56,310,31
638,random-bits-20260922-101742-274937,438,2026-09-22T10:21:34.906783+08:00,0,0.68,0.32,0.36,jev-1.13.0,767.3,310,31
639,random-bits-20260922-101742-274937,439,2026-09-22T10:21:35.674438+08:00,0,0.67,0.33,0.34,jev-1.13.0,440.97,310,31
640,random-bits-20260922-101742-274937,440,2026-09-22T10:21:36.115644+08:00,0,0.7,0.3,0.4,jev-1.13.0,447.28,310,31
641,random-bits-20260922-101742-274937,441,2026-09-22T10:21:36.563303+08:00,0,0.7,0.3,0.4,jev-1.13.0,461.69,310,31
642,random-bits-20260922-101742-274937,442,2026-09-22T10:21:37.025252+08:00,0,0.69,0.31,0.37,jev-1.13.0,1721.06,310,31
643,random-bits-20260922-101742-274937,443,2026-09-22T10:21:38.746625+08:00,0,0.69,0.31,0.37,jev-1.13.0,484.51,310,31
644,random-bits-20260922-101742-274937,444,2026-09-22T10:21:39.231422+08:00,0,0.67,0.33,0.33,jev-1.13.0,534.14,310,31
645,random-bits-20260922-101742-274937,445,2026-09-22T10:21:39.765848+08:00,0,0.72,0.28,0.44,jev-1.13.0,559.76,310,31
646,random-bits-20260922-101742-274937,446,2026-09-22T10:21:40.325936+08:00,0,0.67,0.33,0.35,jev-1.13.0,471.21,310,31
647,random-bits-20260922-101742-274937,447,2026-09-22T10:21:40.797505+08:00,0,0.66,0.34,0.32,jev-1.13.0,500.43,310,31
648,random-bits-20260922-101742-274937,448,2026-09-22T10:21:41.298250+08:00,0,0.71,0.29,0.42,jev-1.13.0,489.48,310,31
649,random-bits-20260922-101742-274937,449,2026-09-22T10:21:41.787942+08:00,0,0.71,0.29,0.42,jev-1.13.0,436.27,310,31
650,random-bits-20260922-101742-274937,450,2026-09-22T10:21:42.224408+08:00,0,0.69,0.31,0.39,jev-1.13.0,449.58,310,31
651,random-bits-20260922-101742-274937,451,2026-09-22T10:21:42.674253+08:00,0,0.7,0.3,0.4,jev-1.13.0,476.08,310,31
652,random-bits-20260922-101742-274937,452,2026-09-22T10:21:43.150621+08:00,0,0.66,0.34,0.32,jev-1.13.0,481.8,310,31
653,random-bits-20260922-101742-274937,453,2026-09-22T10:21:43.632736+08:00,0,0.69,0.31,0.38,jev-1.13.0,455.87,310,31
654,random-bits-20260922-101742-274937,454,2026-09-22T10:21:44.088837+08:00,0,0.69,0.31,0.37,jev-1.13.0,455.17,310,31
655,random-bits-20260922-101742-274937,455,2026-09-22T10:21:44.544439+08:00,0,0.69,0.31,0.37,jev-1.13.0,434.6,310,31
656,random-bits-20260922-101742-274937,456,2026-09-22T10:21:44.979230+08:00,0,0.71,0.29,0.41,jev-1.13.0,482.66,310,31
657,random-bits-20260922-101742-274937,457,2026-09-22T10:21:45.462200+08:00,0,0.65,0.35,0.31,jev-1.13.0,421.99,310,31
658,random-bits-20260922-101742-274937,458,2026-09-22T10:21:45.884446+08:00,0,0.69,0.31,0.38,jev-1.13.0,516.47,310,31
659,random-bits-20260922-101742-274937,459,2026-09-22T10:21:46.401269+08:00,0,0.69,0.31,0.38,jev-1.13.0,465.61,310,31
660,random-bits-20260922-101742-274937,460,2026-09-22T10:21:46.867184+08:00,0,0.7,0.3,0.39,jev-1.13.0,443.36,310,31
661,random-bits-20260922-101742-274937,461,2026-09-22T10:21:47.310907+08:00,0,0.68,0.32,0.37,jev-1.13.0,474.61,310,31
662,random-bits-20260922-101742-274937,462,2026-09-22T10:21:47.785864+08:00,0,0.66,0.34,0.31,jev-1.13.0,454.25,310,31
663,random-bits-20260922-101742-274937,463,2026-09-22T10:21:48.240359+08:00,0,0.71,0.29,0.43,jev-1.13.0,456.38,310,31
664,random-bits-20260922-101742-274937,464,2026-09-22T10:21:48.696960+08:00,0,0.69,0.31,0.39,jev-1.13.0,488.63,310,31
665,random-bits-20260922-101742-274937,465,2026-09-22T10:21:49.185795+08:00,0,0.69,0.31,0.37,jev-1.13.0,452.03,310,31
666,random-bits-20260922-101742-274937,466,2026-09-22T10:21:49.638071+08:00,0,0.67,0.33,0.34,jev-1.13.0,969.08,310,31
667,random-bits-20260922-101742-274937,467,2026-09-22T10:21:50.607573+08:00,0,0.7,0.3,0.39,jev-1.13.0,474.72,310,31
668,random-bits-20260922-101742-274937,468,2026-09-22T10:21:51.082663+08:00,0,0.67,0.33,0.35,jev-1.13.0,1763.83,310,31
669,random-bits-20260922-101742-274937,469,2026-09-22T10:21:52.846821+08:00,0,0.68,0.32,0.36,jev-1.13.0,428.75,310,31
670,random-bits-20260922-101742-274937,470,2026-09-22T10:21:53.275840+08:00,0,0.68,0.32,0.36,jev-1.13.0,472.97,310,31
671,random-bits-20260922-101742-274937,471,2026-09-22T10:21:53.749202+08:00,0,0.7,0.3,0.39,jev-1.13.0,429.1,310,31
672,random-bits-20260922-101742-274937,472,2026-09-22T10:21:54.178542+08:00,0,0.69,0.31,0.38,jev-1.13.0,437.84,310,31
673,random-bits-20260922-101742-274937,473,2026-09-22T10:21:54.616615+08:00,0,0.68,0.32,0.36,jev-1.13.0,418.43,310,31
674,random-bits-20260922-101742-274937,474,2026-09-22T10:21:55.035359+08:00,0,0.67,0.33,0.34,jev-1.13.0,423.34,310,31
675,random-bits-20260922-101742-274937,475,2026-09-22T10:21:55.458995+08:00,0,0.71,0.29,0.41,jev-1.13.0,764.57,310,31
676,random-bits-20260922-101742-274937,476,2026-09-22T10:21:56.223817+08:00,0,0.68,0.32,0.36,jev-1.13.0,1706.15,310,31
677,random-bits-20260922-101742-274937,477,2026-09-22T10:21:57.930393+08:00,0,0.69,0.31,0.38,jev-1.13.0,801.12,310,31
678,random-bits-20260922-101742-274937,478,2026-09-22T10:21:58.731751+08:00,0,0.71,0.29,0.42,jev-1.13.0,456.84,310,31
679,random-bits-20260922-101742-274937,479,2026-09-22T10:21:59.188816+08:00,0,0.64,0.36,0.28,jev-1.13.0,821.53,310,31
680,random-bits-20260922-101742-274937,480,2026-09-22T10:22:00.010665+08:00,0,0.68,0.32,0.37,jev-1.13.0,493.5,310,31
681,random-bits-20260922-101742-274937,481,2026-09-22T10:22:00.504510+08:00,0,0.7,0.3,0.41,jev-1.13.0,414.56,310,31
682,random-bits-20260922-101742-274937,482,2026-09-22T10:22:00.919317+08:00,0,0.71,0.29,0.41,jev-1.13.0,429.59,310,31
683,random-bits-20260922-101742-274937,483,2026-09-22T10:22:01.349114+08:00,0,0.68,0.32,0.36,jev-1.13.0,511.17,310,31
684,random-bits-20260922-101742-274937,484,2026-09-22T10:22:01.860525+08:00,0,0.68,0.32,0.36,jev-1.13.0,470.52,310,31
685,random-bits-20260922-101742-274937,485,2026-09-22T10:22:02.331229+08:00,0,0.69,0.31,0.38,jev-1.13.0,488.62,310,31
686,random-bits-20260922-101742-274937,486,2026-09-22T10:22:02.820106+08:00,0,0.68,0.32,0.36,jev-1.13.0,491.67,310,31
687,random-bits-20260922-101742-274937,487,2026-09-22T10:22:03.312019+08:00,0,0.66,0.34,0.31,jev-1.13.0,828.2,310,31
688,random-bits-20260922-101742-274937,488,2026-09-22T10:22:04.140454+08:00,0,0.68,0.32,0.37,jev-1.13.0,451.18,310,31
689,random-bits-20260922-101742-274937,489,2026-09-22T10:22:04.591939+08:00,0,0.69,0.31,0.39,jev-1.13.0,425.9,310,31
690,random-bits-20260922-101742-274937,490,2026-09-22T10:22:05.018196+08:00,0,0.7,0.3,0.39,jev-1.13.0,441.97,310,31
691,random-bits-20260922-101742-274937,491,2026-09-22T10:22:05.460496+08:00,0,0.67,0.33,0.34,jev-1.13.0,465.64,310,31
692,random-bits-20260922-101742-274937,492,2026-09-22T10:22:05.926507+08:00,0,0.69,0.31,0.39,jev-1.13.0,462.07,310,31
693,random-bits-20260922-101742-274937,493,2026-09-22T10:22:06.388784+08:00,0,0.71,0.29,0.43,jev-1.13.0,473.05,310,31
694,random-bits-20260922-101742-274937,494,2026-09-22T10:22:06.862068+08:00,0,0.67,0.33,0.34,jev-1.13.0,532.44,310,31
695,random-bits-20260922-101742-274937,495,2026-09-22T10:22:07.394777+08:00,0,0.66,0.34,0.32,jev-1.13.0,992.32,310,31
696,random-bits-20260922-101742-274937,496,2026-09-22T10:22:08.387337+08:00,0,0.71,0.29,0.41,jev-1.13.0,440.76,310,31
697,random-bits-20260922-101742-274937,497,2026-09-22T10:22:08.828379+08:00,0,0.68,0.32,0.36,jev-1.13.0,472.13,310,31
698,random-bits-20260922-101742-274937,498,2026-09-22T10:22:09.300791+08:00,0,0.69,0.31,0.37,jev-1.13.0,437.13,310,31
699,random-bits-20260922-101742-274937,499,2026-09-22T10:22:09.738150+08:00,0,0.69,0.31,0.38,jev-1.13.0,1000.92,310,31
700,random-bits-20260922-101742-274937,500,2026-09-22T10:22:10.739297+08:00,0,0.69,0.31,0.38,jev-1.13.0,521.78,310,31
701,random-bits-20260922-101742-274937,501,2026-09-22T10:22:11.261401+08:00,0,0.69,0.31,0.38,jev-1.13.0,452.04,310,31
702,random-bits-20260922-101742-274937,502,2026-09-22T10:22:11.713645+08:00,0,0.69,0.31,0.39,jev-1.13.0,803.15,310,31
703,random-bits-20260922-101742-274937,503,2026-09-22T10:22:12.517153+08:00,0,0.69,0.31,0.37,jev-1.13.0,507.32,310,31
704,random-bits-20260922-101742-274937,504,2026-09-22T10:22:13.024680+08:00,0,0.71,0.29,0.41,jev-1.13.0,442.93,310,31
705,random-bits-20260922-101742-274937,505,2026-09-22T10:22:13.467922+08:00,0,0.69,0.31,0.38,jev-1.13.0,553.8,310,31
706,random-bits-20260922-101742-274937,506,2026-09-22T10:22:14.021938+08:00,0,0.71,0.29,0.41,jev-1.13.0,466.93,310,31
707,random-bits-20260922-101742-274937,507,2026-09-22T10:22:14.489091+08:00,0,0.68,0.32,0.37,jev-1.13.0,515.85,310,31
708,random-bits-20260922-101742-274937,508,2026-09-22T10:22:15.005225+08:00,0,0.69,0.31,0.38,jev-1.13.0,474.99,310,31
709,random-bits-20260922-101742-274937,509,2026-09-22T10:22:15.480428+08:00,0,0.67,0.33,0.34,jev-1.13.0,437.16,310,31
710,random-bits-20260922-101742-274937,510,2026-09-22T10:22:15.917810+08:00,0,0.66,0.34,0.32,jev-1.13.0,465.69,310,31
711,random-bits-20260922-101742-274937,511,2026-09-22T10:22:16.383795+08:00,0,0.69,0.31,0.37,jev-1.13.0,1225.99,310,31
712,random-bits-20260922-101742-274937,512,2026-09-22T10:22:17.610076+08:00,0,0.69,0.31,0.38,jev-1.13.0,1300.66,310,31
713,random-bits-20260922-101742-274937,513,2026-09-22T10:22:18.911053+08:00,0,0.68,0.32,0.36,jev-1.13.0,486.67,310,31
714,random-bits-20260922-101742-274937,514,2026-09-22T10:22:19.398028+08:00,0,0.71,0.29,0.41,jev-1.13.0,429.66,310,31
715,random-bits-20260922-101742-274937,515,2026-09-22T10:22:19.828085+08:00,0,0.67,0.33,0.34,jev-1.13.0,460.86,310,31
716,random-bits-20260922-101742-274937,516,2026-09-22T10:22:20.289255+08:00,0,0.69,0.31,0.39,jev-1.13.0,442.19,310,31
717,random-bits-20260922-101742-274937,517,2026-09-22T10:22:20.731720+08:00,0,0.68,0.32,0.36,jev-1.13.0,510.03,310,31
718,random-bits-20260922-101742-274937,518,2026-09-22T10:22:21.241957+08:00,0,0.69,0.31,0.38,jev-1.13.0,468.84,310,31
719,random-bits-20260922-101742-274937,519,2026-09-22T10:22:21.711028+08:00,0,0.69,0.31,0.38,jev-1.13.0,500.9,310,31
720,random-bits-20260922-101742-274937,520,2026-09-22T10:22:22.212280+08:00,0,0.68,0.32,0.35,jev-1.13.0,1220.89,310,31
721,random-bits-20260922-101742-274937,521,2026-09-22T10:22:23.433502+08:00,0,0.71,0.29,0.41,jev-1.13.0,494.04,310,31
722,random-bits-20260922-101742-274937,522,2026-09-22T10:22:23.927895+08:00,0,0.68,0.32,0.36,jev-1.13.0,465.14,310,31
723,random-bits-20260922-101742-274937,523,2026-09-22T10:22:24.393337+08:00,0,0.71,0.29,0.42,jev-1.13.0,418.97,310,31
724,random-bits-20260922-101742-274937,524,2026-09-22T10:22:24.812563+08:00,0,0.7,0.3,0.39,jev-1.13.0,417.62,310,31
725,random-bits-20260922-101742-274937,525,2026-09-22T10:22:25.230581+08:00,0,0.7,0.3,0.4,jev-1.13.0,424.52,310,31
726,random-bits-20260922-101742-274937,526,2026-09-22T10:22:25.655333+08:00,0,0.7,0.3,0.4,jev-1.13.0,510.55,310,31
727,random-bits-20260922-101742-274937,527,2026-09-22T10:22:26.166091+08:00,0,0.69,0.31,0.37,jev-1.13.0,440.74,310,31
728,random-bits-20260922-101742-274937,528,2026-09-22T10:22:26.607122+08:00,0,0.69,0.31,0.38,jev-1.13.0,450.73,310,31
729,random-bits-20260922-101742-274937,529,2026-09-22T10:22:27.058169+08:00,0,0.69,0.31,0.38,jev-1.13.0,763.65,310,31
730,random-bits-20260922-101742-274937,530,2026-09-22T10:22:27.822059+08:00,0,0.68,0.32,0.36,jev-1.13.0,478.57,310,31
731,random-bits-20260922-101742-274937,531,2026-09-22T10:22:28.300855+08:00,0,0.69,0.31,0.38,jev-1.13.0,494.5,310,31
732,random-bits-20260922-101742-274937,532,2026-09-22T10:22:28.795673+08:00,0,0.7,0.3,0.39,jev-1.13.0,445.19,310,31
733,random-bits-20260922-101742-274937,533,2026-09-22T10:22:29.241167+08:00,0,0.68,0.32,0.36,jev-1.13.0,462.43,310,31
734,random-bits-20260922-101742-274937,534,2026-09-22T10:22:29.703904+08:00,0,0.69,0.31,0.38,jev-1.13.0,461.09,310,31
735,random-bits-20260922-101742-274937,535,2026-09-22T10:22:30.165216+08:00,0,0.69,0.31,0.38,jev-1.13.0,467.76,310,31
736,random-bits-20260922-101742-274937,536,2026-09-22T10:22:30.633317+08:00,0,0.67,0.33,0.35,jev-1.13.0,449.09,310,31
737,random-bits-20260922-101742-274937,537,2026-09-22T10:22:31.082714+08:00,0,0.71,0.29,0.42,jev-1.13.0,1211.34,310,31
738,random-bits-20260922-101742-274937,538,2026-09-22T10:22:32.294306+08:00,0,0.71,0.29,0.42,jev-1.13.0,475.19,310,31
739,random-bits-20260922-101742-274937,539,2026-09-22T10:22:32.769759+08:00,0,0.67,0.33,0.35,jev-1.13.0,566.5,310,31
740,random-bits-20260922-101742-274937,540,2026-09-22T10:22:33.336550+08:00,0,0.68,0.32,0.36,jev-1.13.0,465.39,310,31
741,random-bits-20260922-101742-274937,541,2026-09-22T10:22:33.802290+08:00,0,0.68,0.32,0.36,jev-1.13.0,466.17,310,31
742,random-bits-20260922-101742-274937,542,2026-09-22T10:22:34.268681+08:00,0,0.69,0.31,0.38,jev-1.13.0,481.91,310,31
743,random-bits-20260922-101742-274937,543,2026-09-22T10:22:34.750886+08:00,0,0.68,0.32,0.36,jev-1.13.0,438.63,310,31
744,random-bits-20260922-101742-274937,544,2026-09-22T10:22:35.189799+08:00,0,0.7,0.3,0.39,jev-1.13.0,466.35,310,31
745,random-bits-20260922-101742-274937,545,2026-09-22T10:22:35.656447+08:00,0,0.72,0.28,0.45,jev-1.13.0,465.48,310,31
746,random-bits-20260922-101742-274937,546,2026-09-22T10:22:36.122212+08:00,0,0.68,0.32,0.35,jev-1.13.0,1237.68,310,31
747,random-bits-20260922-101742-274937,547,2026-09-22T10:22:37.360134+08:00,0,0.65,0.35,0.3,jev-1.13.0,823.73,310,31
748,random-bits-20260922-101742-274937,548,2026-09-22T10:22:38.184102+08:00,0,0.69,0.31,0.37,jev-1.13.0,442.53,310,31
749,random-bits-20260922-101742-274937,549,2026-09-22T10:22:38.626898+08:00,0,0.67,0.33,0.33,jev-1.13.0,457.02,310,31
750,random-bits-20260922-101742-274937,550,2026-09-22T10:22:39.084237+08:00,0,0.68,0.32,0.36,jev-1.13.0,792.71,310,31
751,random-bits-20260922-101742-274937,551,2026-09-22T10:22:39.877184+08:00,0,0.68,0.32,0.37,jev-1.13.0,458.21,310,31
752,random-bits-20260922-101742-274937,552,2026-09-22T10:22:40.335630+08:00,0,0.7,0.3,0.39,jev-1.13.0,430.24,310,31
753,random-bits-20260922-101742-274937,553,2026-09-22T10:22:40.766073+08:00,0,0.68,0.32,0.35,jev-1.13.0,510.3,310,31
754,random-bits-20260922-101742-274937,554,2026-09-22T10:22:41.276663+08:00,0,0.65,0.35,0.3,jev-1.13.0,441.78,310,31
755,random-bits-20260922-101742-274937,555,2026-09-22T10:22:41.718719+08:00,0,0.68,0.32,0.36,jev-1.13.0,445.23,310,31
756,random-bits-20260922-101742-274937,556,2026-09-22T10:22:42.164239+08:00,0,0.68,0.32,0.36,jev-1.13.0,459.77,310,31
757,random-bits-20260922-101742-274937,557,2026-09-22T10:22:42.624240+08:00,0,0.68,0.32,0.36,jev-1.13.0,962.96,310,31
758,random-bits-20260922-101742-274937,558,2026-09-22T10:22:43.587500+08:00,0,0.67,0.33,0.35,jev-1.13.0,451.99,310,31
759,random-bits-20260922-101742-274937,559,2026-09-22T10:22:44.039793+08:00,0,0.67,0.33,0.33,jev-1.13.0,485.18,310,31
760,random-bits-20260922-101742-274937,560,2026-09-22T10:22:44.525292+08:00,0,0.67,0.33,0.33,jev-1.13.0,980.05,310,31
761,random-bits-20260922-101742-274937,561,2026-09-22T10:22:45.505592+08:00,0,0.7,0.3,0.41,jev-1.13.0,455.64,310,31
762,random-bits-20260922-101742-274937,562,2026-09-22T10:22:45.961461+08:00,0,0.7,0.3,0.4,jev-1.13.0,442.46,310,31
763,random-bits-20260922-101742-274937,563,2026-09-22T10:22:46.404140+08:00,0,0.69,0.31,0.38,jev-1.13.0,726.26,310,31
764,random-bits-20260922-101742-274937,564,2026-09-22T10:22:47.130619+08:00,0,0.69,0.31,0.38,jev-1.13.0,967.28,310,31
765,random-bits-20260922-101742-274937,565,2026-09-22T10:22:48.098264+08:00,0,0.66,0.34,0.31,jev-1.13.0,1537.03,310,31
766,random-bits-20260922-101742-274937,566,2026-09-22T10:22:49.635599+08:00,0,0.68,0.32,0.36,jev-1.13.0,707.12,310,31
767,random-bits-20260922-101742-274937,567,2026-09-22T10:22:50.342961+08:00,0,0.7,0.3,0.39,jev-1.13.0,491.02,310,31
768,random-bits-20260922-101742-274937,568,2026-09-22T10:22:50.834206+08:00,0,0.69,0.31,0.39,jev-1.13.0,443.31,310,31
769,random-bits-20260922-101742-274937,569,2026-09-22T10:22:51.277773+08:00,0,0.69,0.31,0.38,jev-1.13.0,464.42,310,31
770,random-bits-20260922-101742-274937,570,2026-09-22T10:22:51.742436+08:00,0,0.68,0.32,0.37,jev-1.13.0,484.37,310,31
771,random-bits-20260922-101742-274937,571,2026-09-22T10:22:52.227032+08:00,0,0.71,0.29,0.42,jev-1.13.0,506.77,310,31
772,random-bits-20260922-101742-274937,572,2026-09-22T10:22:52.734024+08:00,0,0.7,0.3,0.4,jev-1.13.0,446.05,310,31
773,random-bits-20260922-101742-274937,573,2026-09-22T10:22:53.180360+08:00,0,0.69,0.31,0.37,jev-1.13.0,515.89,310,31
774,random-bits-20260922-101742-274937,574,2026-09-22T10:22:53.696518+08:00,0,0.71,0.29,0.42,jev-1.13.0,466.11,310,31
775,random-bits-20260922-101742-274937,575,2026-09-22T10:22:54.162844+08:00,0,0.67,0.33,0.35,jev-1.13.0,537.52,310,31
776,random-bits-20260922-101742-274937,576,2026-09-22T10:22:54.700636+08:00,0,0.68,0.32,0.35,jev-1.13.0,441.67,310,31
777,random-bits-20260922-101742-274937,577,2026-09-22T10:22:55.142611+08:00,0,0.68,0.32,0.37,jev-1.13.0,463.79,310,31
778,random-bits-20260922-101742-274937,578,2026-09-22T10:22:55.606696+08:00,0,0.7,0.3,0.41,jev-1.13.0,1275.58,310,31
779,random-bits-20260922-101742-274937,579,2026-09-22T10:22:56.882495+08:00,0,0.7,0.3,0.4,jev-1.13.0,452.52,310,31
780,random-bits-20260922-101742-274937,580,2026-09-22T10:22:57.335232+08:00,0,0.67,0.33,0.33,jev-1.13.0,436.77,310,31
781,random-bits-20260922-101742-274937,581,2026-09-22T10:22:57.772335+08:00,0,0.67,0.33,0.34,jev-1.13.0,484.19,310,31
782,random-bits-20260922-101742-274937,582,2026-09-22T10:22:58.256751+08:00,0,0.66,0.34,0.33,jev-1.13.0,466.67,310,31
783,random-bits-20260922-101742-274937,583,2026-09-22T10:22:58.723704+08:00,0,0.72,0.28,0.43,jev-1.13.0,424.08,310,31
784,random-bits-20260922-101742-274937,584,2026-09-22T10:22:59.148013+08:00,0,0.7,0.3,0.39,jev-1.13.0,424.43,310,31
785,random-bits-20260922-101742-274937,585,2026-09-22T10:22:59.572660+08:00,0,0.69,0.31,0.38,jev-1.13.0,413.06,310,31
786,random-bits-20260922-101742-274937,586,2026-09-22T10:22:59.985996+08:00,0,0.71,0.29,0.42,jev-1.13.0,433.65,310,31
787,random-bits-20260922-101742-274937,587,2026-09-22T10:23:00.419869+08:00,0,0.67,0.33,0.33,jev-1.13.0,469.95,310,31
788,random-bits-20260922-101742-274937,588,2026-09-22T10:23:00.890110+08:00,0,0.7,0.3,0.4,jev-1.13.0,832.66,310,31
789,random-bits-20260922-101742-274937,589,2026-09-22T10:23:01.723067+08:00,0,0.68,0.32,0.37,jev-1.13.0,504.7,310,31
790,random-bits-20260922-101742-274937,590,2026-09-22T10:23:02.228059+08:00,0,0.7,0.3,0.4,jev-1.13.0,464.71,310,31
791,random-bits-20260922-101742-274937,591,2026-09-22T10:23:02.693077+08:00,0,0.68,0.32,0.36,jev-1.13.0,465.6,310,31
792,random-bits-20260922-101742-274937,592,2026-09-22T10:23:03.158974+08:00,0,0.68,0.32,0.36,jev-1.13.0,432.68,310,31
793,random-bits-20260922-101742-274937,593,2026-09-22T10:23:03.591898+08:00,0,0.69,0.31,0.38,jev-1.13.0,425.1,310,31
794,random-bits-20260922-101742-274937,594,2026-09-22T10:23:04.017425+08:00,0,0.67,0.33,0.35,jev-1.13.0,470.34,310,31
795,random-bits-20260922-101742-274937,595,2026-09-22T10:23:04.487993+08:00,0,0.69,0.31,0.38,jev-1.13.0,472.15,310,31
796,random-bits-20260922-101742-274937,596,2026-09-22T10:23:04.960459+08:00,0,0.7,0.3,0.39,jev-1.13.0,818.66,310,31
797,random-bits-20260922-101742-274937,597,2026-09-22T10:23:05.779350+08:00,0,0.69,0.31,0.39,jev-1.13.0,994.05,310,31
798,random-bits-20260922-101742-274937,598,2026-09-22T10:23:06.773590+08:00,0,0.66,0.34,0.33,jev-1.13.0,535.48,310,31
799,random-bits-20260922-101742-274937,599,2026-09-22T10:23:07.309330+08:00,0,0.69,0.31,0.37,jev-1.13.0,758.66,310,31
800,random-bits-20260922-101742-274937,600,2026-09-22T10:23:08.068288+08:00,0,0.69,0.31,0.38,jev-1.13.0,548.06,310,31
801,random-bits-20260922-101742-274937,601,2026-09-22T10:23:08.616756+08:00,0,0.71,0.29,0.42,jev-1.13.0,484.77,310,31
802,random-bits-20260922-101742-274937,602,2026-09-22T10:23:09.101828+08:00,0,0.68,0.32,0.37,jev-1.13.0,533.01,310,31
803,random-bits-20260922-101742-274937,603,2026-09-22T10:23:09.635076+08:00,0,0.68,0.32,0.36,jev-1.13.0,417.33,310,31
804,random-bits-20260922-101742-274937,604,2026-09-22T10:23:10.052624+08:00,0,0.68,0.32,0.35,jev-1.13.0,503.58,310,31
805,random-bits-20260922-101742-274937,605,2026-09-22T10:23:10.556416+08:00,0,0.69,0.31,0.38,jev-1.13.0,1297.96,310,31
806,random-bits-20260922-101742-274937,606,2026-09-22T10:23:11.854662+08:00,0,0.67,0.33,0.35,jev-1.13.0,465.75,310,31
807,random-bits-20260922-101742-274937,607,2026-09-22T10:23:12.320717+08:00,0,0.67,0.33,0.33,jev-1.13.0,474.64,310,31
808,random-bits-20260922-101742-274937,608,2026-09-22T10:23:12.795572+08:00,0,0.69,0.31,0.38,jev-1.13.0,519.9,310,31
809,random-bits-20260922-101742-274937,609,2026-09-22T10:23:13.315764+08:00,0,0.66,0.34,0.33,jev-1.13.0,452.99,310,31
810,random-bits-20260922-101742-274937,610,2026-09-22T10:23:13.769015+08:00,0,0.69,0.31,0.39,jev-1.13.0,1242.96,310,31
811,random-bits-20260922-101742-274937,611,2026-09-22T10:23:15.012190+08:00,0,0.66,0.34,0.32,jev-1.13.0,452.11,310,31
812,random-bits-20260922-101742-274937,612,2026-09-22T10:23:15.464587+08:00,0,0.69,0.31,0.37,jev-1.13.0,444.58,310,31
813,random-bits-20260922-101742-274937,613,2026-09-22T10:23:15.909475+08:00,0,0.65,0.35,0.31,jev-1.13.0,422.49,310,31
814,random-bits-20260922-101742-274937,614,2026-09-22T10:23:16.332263+08:00,0,0.68,0.32,0.36,jev-1.13.0,455.23,310,31
815,random-bits-20260922-101742-274937,615,2026-09-22T10:23:16.787710+08:00,0,0.69,0.31,0.38,jev-1.13.0,498.51,310,31
816,random-bits-20260922-101742-274937,616,2026-09-22T10:23:17.286459+08:00,0,0.69,0.31,0.37,jev-1.13.0,479.05,310,31
817,random-bits-20260922-101742-274937,617,2026-09-22T10:23:17.765735+08:00,0,0.69,0.31,0.38,jev-1.13.0,457.41,310,31
818,random-bits-20260922-101742-274937,618,2026-09-22T10:23:18.223367+08:00,0,0.67,0.33,0.34,jev-1.13.0,481.14,310,31
819,random-bits-20260922-101742-274937,619,2026-09-22T10:23:18.704740+08:00,0,0.69,0.31,0.37,jev-1.13.0,493.25,310,31
820,random-bits-20260922-101742-274937,620,2026-09-22T10:23:19.198206+08:00,0,0.69,0.31,0.38,jev-1.13.0,815.13,310,31
821,random-bits-20260922-101742-274937,621,2026-09-22T10:23:20.013603+08:00,0,0.71,0.29,0.42,jev-1.13.0,519.15,310,31
822,random-bits-20260922-101742-274937,622,2026-09-22T10:23:20.533017+08:00,0,0.69,0.31,0.38,jev-1.13.0,442.0,310,31
823,random-bits-20260922-101742-274937,623,2026-09-22T10:23:20.975290+08:00,0,0.69,0.31,0.38,jev-1.13.0,798.7,310,31
824,random-bits-20260922-101742-274937,624,2026-09-22T10:23:21.774282+08:00,0,0.68,0.32,0.37,jev-1.13.0,490.04,310,31
825,random-bits-20260922-101742-274937,625,2026-09-22T10:23:22.264551+08:00,0,0.69,0.31,0.38,jev-1.13.0,454.64,310,31
826,random-bits-20260922-101742-274937,626,2026-09-22T10:23:22.719424+08:00,0,0.67,0.33,0.34,jev-1.13.0,486.29,310,31
827,random-bits-20260922-101742-274937,627,2026-09-22T10:23:23.205964+08:00,0,0.7,0.3,0.4,jev-1.13.0,451.68,310,31
828,random-bits-20260922-101742-274937,628,2026-09-22T10:23:23.657926+08:00,0,0.71,0.29,0.42,jev-1.13.0,1232.02,310,31
829,random-bits-20260922-101742-274937,629,2026-09-22T10:23:24.890247+08:00,0,0.7,0.3,0.4,jev-1.13.0,439.89,310,31
830,random-bits-20260922-101742-274937,630,2026-09-22T10:23:25.330348+08:00,0,0.68,0.32,0.36,jev-1.13.0,447.76,310,31
831,random-bits-20260922-101742-274937,631,2026-09-22T10:23:25.778351+08:00,0,0.7,0.3,0.39,jev-1.13.0,471.54,310,31
832,random-bits-20260922-101742-274937,632,2026-09-22T10:23:26.250206+08:00,0,0.67,0.33,0.34,jev-1.13.0,474.93,310,31
833,random-bits-20260922-101742-274937,633,2026-09-22T10:23:26.725401+08:00,0,0.68,0.32,0.36,jev-1.13.0,432.01,310,31
834,random-bits-20260922-101742-274937,634,2026-09-22T10:23:27.157714+08:00,0,0.69,0.31,0.38,jev-1.13.0,440.62,310,31
835,random-bits-20260922-101742-274937,635,2026-09-22T10:23:27.598656+08:00,0,0.71,0.29,0.42,jev-1.13.0,483.16,310,31
836,random-bits-20260922-101742-274937,636,2026-09-22T10:23:28.082524+08:00,0,0.68,0.32,0.36,jev-1.13.0,473.19,310,31
837,random-bits-20260922-101742-274937,637,2026-09-22T10:23:28.556003+08:00,0,0.67,0.33,0.33,jev-1.13.0,432.36,310,31
838,random-bits-20260922-101742-274937,638,2026-09-22T10:23:28.988583+08:00,0,0.69,0.31,0.39,jev-1.13.0,486.91,310,31
839,random-bits-20260922-101742-274937,639,2026-09-22T10:23:29.475778+08:00,0,0.68,0.32,0.35,jev-1.13.0,985.35,310,31
840,random-bits-20260922-101742-274937,640,2026-09-22T10:23:30.461354+08:00,0,0.69,0.31,0.38,jev-1.13.0,861.13,310,31
841,random-bits-20260922-101742-274937,641,2026-09-22T10:23:31.322826+08:00,0,0.69,0.31,0.39,jev-1.13.0,473.31,310,31
842,random-bits-20260922-101742-274937,642,2026-09-22T10:23:31.796414+08:00,0,0.7,0.3,0.4,jev-1.13.0,436.21,310,31
843,random-bits-20260922-101742-274937,643,2026-09-22T10:23:32.232952+08:00,0,0.67,0.33,0.34,jev-1.13.0,431.02,310,31
844,random-bits-20260922-101742-274937,644,2026-09-22T10:23:32.664262+08:00,0,0.68,0.32,0.35,jev-1.13.0,791.06,310,31
845,random-bits-20260922-101742-274937,645,2026-09-22T10:23:33.455567+08:00,0,0.68,0.32,0.36,jev-1.13.0,465.91,310,31
846,random-bits-20260922-101742-274937,646,2026-09-22T10:23:33.921790+08:00,0,0.68,0.32,0.36,jev-1.13.0,492.11,310,31
847,random-bits-20260922-101742-274937,647,2026-09-22T10:23:34.414165+08:00,0,0.69,0.31,0.39,jev-1.13.0,445.16,310,31
848,random-bits-20260922-101742-274937,648,2026-09-22T10:23:34.859557+08:00,0,0.68,0.32,0.36,jev-1.13.0,1228.37,310,31
849,random-bits-20260922-101742-274937,649,2026-09-22T10:23:36.088205+08:00,0,0.68,0.32,0.36,jev-1.13.0,788.39,310,31
850,random-bits-20260922-101742-274937,650,2026-09-22T10:23:36.876884+08:00,0,0.7,0.3,0.4,jev-1.13.0,453.01,310,31
851,random-bits-20260922-101742-274937,651,2026-09-22T10:23:37.330234+08:00,0,0.7,0.3,0.4,jev-1.13.0,465.91,310,31
852,random-bits-20260922-101742-274937,652,2026-09-22T10:23:37.796359+08:00,0,0.69,0.31,0.37,jev-1.13.0,445.5,310,31
853,random-bits-20260922-101742-274937,653,2026-09-22T10:23:38.242129+08:00,0,0.67,0.33,0.34,jev-1.13.0,442.0,310,31
854,random-bits-20260922-101742-274937,654,2026-09-22T10:23:38.684433+08:00,0,0.69,0.31,0.39,jev-1.13.0,1216.64,310,31
855,random-bits-20260922-101742-274937,655,2026-09-22T10:23:39.901380+08:00,0,0.7,0.3,0.39,jev-1.13.0,608.0,310,31
856,random-bits-20260922-101742-274937,656,2026-09-22T10:23:40.509621+08:00,0,0.71,0.29,0.42,jev-1.13.0,512.19,310,31
857,random-bits-20260922-101742-274937,657,2026-09-22T10:23:41.022106+08:00,0,0.67,0.33,0.33,jev-1.13.0,456.12,310,31
858,random-bits-20260922-101742-274937,658,2026-09-22T10:23:41.478516+08:00,0,0.68,0.32,0.35,jev-1.13.0,1256.89,310,31
859,random-bits-20260922-101742-274937,659,2026-09-22T10:23:42.735695+08:00,0,0.7,0.3,0.4,jev-1.13.0,1767.08,310,31
860,random-bits-20260922-101742-274937,660,2026-09-22T10:23:44.503041+08:00,0,0.7,0.3,0.4,jev-1.13.0,478.84,310,31
861,random-bits-20260922-101742-274937,661,2026-09-22T10:23:44.982205+08:00,0,0.7,0.3,0.39,jev-1.13.0,1246.12,310,31
862,random-bits-20260922-101742-274937,662,2026-09-22T10:23:46.228539+08:00,0,0.66,0.34,0.32,jev-1.13.0,451.75,310,31
863,random-bits-20260922-101742-274937,663,2026-09-22T10:23:46.680660+08:00,0,0.7,0.3,0.41,jev-1.13.0,459.72,310,31
864,random-bits-20260922-101742-274937,664,2026-09-22T10:23:47.140722+08:00,0,0.7,0.3,0.4,jev-1.13.0,967.65,310,31
865,random-bits-20260922-101742-274937,665,2026-09-22T10:23:48.108704+08:00,0,0.67,0.33,0.33,jev-1.13.0,851.56,310,31
866,random-bits-20260922-101742-274937,666,2026-09-22T10:23:48.960490+08:00,0,0.67,0.33,0.34,jev-1.13.0,487.32,310,31
867,random-bits-20260922-101742-274937,667,2026-09-22T10:23:49.448164+08:00,0,0.7,0.3,0.4,jev-1.13.0,450.15,310,31
868,random-bits-20260922-101742-274937,668,2026-09-22T10:23:49.898550+08:00,0,0.68,0.32,0.36,jev-1.13.0,526.13,310,31
869,random-bits-20260922-101742-274937,669,2026-09-22T10:23:50.424928+08:00,0,0.69,0.31,0.38,jev-1.13.0,827.35,310,31
870,random-bits-20260922-101742-274937,670,2026-09-22T10:23:51.252484+08:00,0,0.69,0.31,0.37,jev-1.13.0,512.63,310,31
871,random-bits-20260922-101742-274937,671,2026-09-22T10:23:51.765392+08:00,0,0.7,0.3,0.41,jev-1.13.0,451.09,310,31
872,random-bits-20260922-101742-274937,672,2026-09-22T10:23:52.216743+08:00,0,0.67,0.33,0.34,jev-1.13.0,467.7,310,31
873,random-bits-20260922-101742-274937,673,2026-09-22T10:23:52.684742+08:00,0,0.65,0.35,0.29,jev-1.13.0,474.25,310,31
874,random-bits-20260922-101742-274937,674,2026-09-22T10:23:53.159301+08:00,0,0.69,0.31,0.39,jev-1.13.0,462.67,310,31
875,random-bits-20260922-101742-274937,675,2026-09-22T10:23:53.622206+08:00,0,0.67,0.33,0.33,jev-1.13.0,511.01,310,31
876,random-bits-20260922-101742-274937,676,2026-09-22T10:23:54.133449+08:00,0,0.67,0.33,0.34,jev-1.13.0,502.9,310,31
877,random-bits-20260922-101742-274937,677,2026-09-22T10:23:54.636699+08:00,0,0.72,0.28,0.43,jev-1.13.0,474.7,310,31
878,random-bits-20260922-101742-274937,678,2026-09-22T10:23:55.111615+08:00,0,0.67,0.33,0.34,jev-1.13.0,520.34,310,31
879,random-bits-20260922-101742-274937,679,2026-09-22T10:23:55.632245+08:00,0,0.67,0.33,0.35,jev-1.13.0,475.44,310,31
880,random-bits-20260922-101742-274937,680,2026-09-22T10:23:56.107983+08:00,0,0.68,0.32,0.37,jev-1.13.0,490.1,310,31
881,random-bits-20260922-101742-274937,681,2026-09-22T10:23:56.598339+08:00,0,0.7,0.3,0.39,jev-1.13.0,526.87,310,31
882,random-bits-20260922-101742-274937,682,2026-09-22T10:23:57.125505+08:00,0,0.7,0.3,0.4,jev-1.13.0,569.0,310,31
883,random-bits-20260922-101742-274937,683,2026-09-22T10:23:57.694751+08:00,0,0.67,0.33,0.35,jev-1.13.0,450.68,310,31
884,random-bits-20260922-101742-274937,684,2026-09-22T10:23:58.145716+08:00,0,0.69,0.31,0.38,jev-1.13.0,1260.0,310,31
885,random-bits-20260922-101742-274937,685,2026-09-22T10:23:59.405928+08:00,0,0.69,0.31,0.38,jev-1.13.0,616.67,310,31
886,random-bits-20260922-101742-274937,686,2026-09-22T10:24:00.022854+08:00,0,0.72,0.28,0.45,jev-1.13.0,455.48,310,31
887,random-bits-20260922-101742-274937,687,2026-09-22T10:24:00.478555+08:00,0,0.72,0.28,0.44,jev-1.13.0,433.89,310,31
888,random-bits-20260922-101742-274937,688,2026-09-22T10:24:00.912715+08:00,0,0.67,0.33,0.35,jev-1.13.0,820.53,310,31
889,random-bits-20260922-101742-274937,689,2026-09-22T10:24:01.733560+08:00,0,0.66,0.34,0.32,jev-1.13.0,464.95,310,31
890,random-bits-20260922-101742-274937,690,2026-09-22T10:24:02.198803+08:00,0,0.7,0.3,0.4,jev-1.13.0,504.08,310,31
891,random-bits-20260922-101742-274937,691,2026-09-22T10:24:02.703161+08:00,0,0.68,0.32,0.35,jev-1.13.0,426.13,310,31
892,random-bits-20260922-101742-274937,692,2026-09-22T10:24:03.129642+08:00,0,0.7,0.3,0.39,jev-1.13.0,490.93,310,31
893,random-bits-20260922-101742-274937,693,2026-09-22T10:24:03.620865+08:00,0,0.73,0.27,0.45,jev-1.13.0,462.42,310,31
894,random-bits-20260922-101742-274937,694,2026-09-22T10:24:04.083592+08:00,0,0.68,0.32,0.36,jev-1.13.0,484.11,310,31
895,random-bits-20260922-101742-274937,695,2026-09-22T10:24:04.567951+08:00,0,0.68,0.32,0.36,jev-1.13.0,470.87,310,31
896,random-bits-20260922-101742-274937,696,2026-09-22T10:24:05.039122+08:00,0,0.69,0.31,0.37,jev-1.13.0,500.01,310,31
897,random-bits-20260922-101742-274937,697,2026-09-22T10:24:05.539372+08:00,0,0.71,0.29,0.42,jev-1.13.0,975.62,310,31
898,random-bits-20260922-101742-274937,698,2026-09-22T10:24:06.515208+08:00,0,0.67,0.33,0.35,jev-1.13.0,428.31,310,31
899,random-bits-20260922-101742-274937,699,2026-09-22T10:24:06.943726+08:00,0,0.7,0.3,0.39,jev-1.13.0,1232.14,310,31
900,random-bits-20260922-101742-274937,700,2026-09-22T10:24:08.176104+08:00,0,0.7,0.3,0.41,jev-1.13.0,771.69,310,31
901,random-bits-20260922-101742-274937,701,2026-09-22T10:24:08.948024+08:00,0,0.68,0.32,0.37,jev-1.13.0,452.27,310,31
902,random-bits-20260922-101742-274937,702,2026-09-22T10:24:09.400536+08:00,0,0.7,0.3,0.4,jev-1.13.0,544.43,310,31
903,random-bits-20260922-101742-274937,703,2026-09-22T10:24:09.945191+08:00,0,0.69,0.31,0.38,jev-1.13.0,508.49,310,31
904,random-bits-20260922-101742-274937,704,2026-09-22T10:24:10.453997+08:00,0,0.7,0.3,0.41,jev-1.13.0,496.53,310,31
905,random-bits-20260922-101742-274937,705,2026-09-22T10:24:10.950830+08:00,0,0.67,0.33,0.34,jev-1.13.0,487.14,310,31
906,random-bits-20260922-101742-274937,706,2026-09-22T10:24:11.438189+08:00,0,0.67,0.33,0.34,jev-1.13.0,1267.27,310,31
907,random-bits-20260922-101742-274937,707,2026-09-22T10:24:12.705730+08:00,0,0.69,0.31,0.39,jev-1.13.0,601.83,310,31
908,random-bits-20260922-101742-274937,708,2026-09-22T10:24:13.307780+08:00,0,0.69,0.31,0.38,jev-1.13.0,791.45,310,31
909,random-bits-20260922-101742-274937,709,2026-09-22T10:24:14.099523+08:00,0,0.7,0.3,0.4,jev-1.13.0,458.42,310,31
910,random-bits-20260922-101742-274937,710,2026-09-22T10:24:14.558177+08:00,0,0.69,0.31,0.37,jev-1.13.0,419.95,310,31
911,random-bits-20260922-101742-274937,711,2026-09-22T10:24:14.978423+08:00,0,0.7,0.3,0.4,jev-1.13.0,472.32,310,31
912,random-bits-20260922-101742-274937,712,2026-09-22T10:24:15.450979+08:00,0,0.69,0.31,0.38,jev-1.13.0,441.46,310,31
913,random-bits-20260922-101742-274937,713,2026-09-22T10:24:15.892673+08:00,0,0.68,0.32,0.37,jev-1.13.0,1164.73,310,31
914,random-bits-20260922-101742-274937,714,2026-09-22T10:24:17.057670+08:00,0,0.7,0.3,0.39,jev-1.13.0,408.51,310,31
915,random-bits-20260922-101742-274937,715,2026-09-22T10:24:17.466470+08:00,0,0.69,0.31,0.39,jev-1.13.0,476.39,310,31
916,random-bits-20260922-101742-274937,716,2026-09-22T10:24:17.943129+08:00,0,0.72,0.28,0.44,jev-1.13.0,1470.17,310,31
917,random-bits-20260922-101742-274937,717,2026-09-22T10:24:19.413620+08:00,0,0.68,0.32,0.37,jev-1.13.0,469.98,310,31
918,random-bits-20260922-101742-274937,718,2026-09-22T10:24:19.883826+08:00,0,0.68,0.32,0.36,jev-1.13.0,1267.01,310,31
919,random-bits-20260922-101742-274937,719,2026-09-22T10:24:21.151072+08:00,0,0.7,0.3,0.39,jev-1.13.0,485.96,310,31
920,random-bits-20260922-101742-274937,720,2026-09-22T10:24:21.637313+08:00,0,0.67,0.33,0.34,jev-1.13.0,490.41,310,31
921,random-bits-20260922-101742-274937,721,2026-09-22T10:24:22.128064+08:00,0,0.68,0.32,0.36,jev-1.13.0,1231.87,310,31
922,random-bits-20260922-101742-274937,722,2026-09-22T10:24:23.360227+08:00,0,0.69,0.31,0.37,jev-1.13.0,467.5,310,31
923,random-bits-20260922-101742-274937,723,2026-09-22T10:24:23.827964+08:00,0,0.69,0.31,0.37,jev-1.13.0,457.74,310,31
924,random-bits-20260922-101742-274937,724,2026-09-22T10:24:24.285923+08:00,0,0.68,0.32,0.35,jev-1.13.0,1250.0,310,31
925,random-bits-20260922-101742-274937,725,2026-09-22T10:24:25.536226+08:00,0,0.7,0.3,0.4,jev-1.13.0,552.96,310,31
926,random-bits-20260922-101742-274937,726,2026-09-22T10:24:26.089406+08:00,0,0.71,0.29,0.41,jev-1.13.0,435.09,310,31
927,random-bits-20260922-101742-274937,727,2026-09-22T10:24:26.524716+08:00,0,0.68,0.32,0.36,jev-1.13.0,424.85,310,31
928,random-bits-20260922-101742-274937,728,2026-09-22T10:24:26.949769+08:00,0,0.69,0.31,0.38,jev-1.13.0,1204.94,310,31
929,random-bits-20260922-101742-274937,729,2026-09-22T10:24:28.155067+08:00,0,0.69,0.31,0.39,jev-1.13.0,504.1,310,31
930,random-bits-20260922-101742-274937,730,2026-09-22T10:24:28.659392+08:00,0,0.71,0.29,0.42,jev-1.13.0,480.4,310,31
931,random-bits-20260922-101742-274937,731,2026-09-22T10:24:29.140081+08:00,0,0.68,0.32,0.37,jev-1.13.0,464.74,310,31
932,random-bits-20260922-101742-274937,732,2026-09-22T10:24:29.605055+08:00,0,0.69,0.31,0.38,jev-1.13.0,1318.64,310,31
933,random-bits-20260922-101742-274937,733,2026-09-22T10:24:30.923927+08:00,0,0.68,0.32,0.37,jev-1.13.0,1245.67,310,31
934,random-bits-20260922-101742-274937,734,2026-09-22T10:24:32.169873+08:00,0,0.67,0.33,0.34,jev-1.13.0,1299.0,310,31
935,random-bits-20260922-101742-274937,735,2026-09-22T10:24:33.469082+08:00,0,0.68,0.32,0.36,jev-1.13.0,412.19,310,31
936,random-bits-20260922-101742-274937,736,2026-09-22T10:24:33.881569+08:00,0,0.71,0.29,0.42,jev-1.13.0,452.04,310,31
937,random-bits-20260922-101742-274937,737,2026-09-22T10:24:34.333910+08:00,0,0.7,0.3,0.4,jev-1.13.0,433.45,310,31
938,random-bits-20260922-101742-274937,738,2026-09-22T10:24:34.767571+08:00,0,0.68,0.32,0.36,jev-1.13.0,441.87,310,31
939,random-bits-20260922-101742-274937,739,2026-09-22T10:24:35.209660+08:00,0,0.69,0.31,0.38,jev-1.13.0,390.85,310,31
940,random-bits-20260922-101742-274937,740,2026-09-22T10:24:35.600806+08:00,0,0.67,0.33,0.34,jev-1.13.0,1283.32,310,31
941,random-bits-20260922-101742-274937,741,2026-09-22T10:24:36.884400+08:00,0,0.7,0.3,0.4,jev-1.13.0,1214.3,310,31
942,random-bits-20260922-101742-274937,742,2026-09-22T10:24:38.098987+08:00,0,0.69,0.31,0.38,jev-1.13.0,783.34,310,31
943,random-bits-20260922-101742-274937,743,2026-09-22T10:24:38.882545+08:00,0,0.69,0.31,0.39,jev-1.13.0,461.66,310,31
944,random-bits-20260922-101742-274937,744,2026-09-22T10:24:39.344509+08:00,0,0.67,0.33,0.34,jev-1.13.0,488.32,310,31
945,random-bits-20260922-101742-274937,745,2026-09-22T10:24:39.833071+08:00,0,0.69,0.31,0.38,jev-1.13.0,501.67,310,31
946,random-bits-20260922-101742-274937,746,2026-09-22T10:24:40.334944+08:00,0,0.68,0.32,0.36,jev-1.13.0,491.37,310,31
947,random-bits-20260922-101742-274937,747,2026-09-22T10:24:40.826539+08:00,0,0.7,0.3,0.4,jev-1.13.0,444.97,310,31
948,random-bits-20260922-101742-274937,748,2026-09-22T10:24:41.271786+08:00,0,0.72,0.28,0.43,jev-1.13.0,460.99,310,31
949,random-bits-20260922-101742-274937,749,2026-09-22T10:24:41.732985+08:00,0,0.69,0.31,0.37,jev-1.13.0,464.31,310,31
950,random-bits-20260922-101742-274937,750,2026-09-22T10:24:42.197541+08:00,0,0.67,0.33,0.35,jev-1.13.0,460.49,310,31
951,random-bits-20260922-101742-274937,751,2026-09-22T10:24:42.658335+08:00,0,0.68,0.32,0.36,jev-1.13.0,471.49,310,31
952,random-bits-20260922-101742-274937,752,2026-09-22T10:24:43.130112+08:00,0,0.69,0.31,0.38,jev-1.13.0,515.76,310,31
953,random-bits-20260922-101742-274937,753,2026-09-22T10:24:43.646142+08:00,0,0.68,0.32,0.35,jev-1.13.0,472.66,310,31
954,random-bits-20260922-101742-274937,754,2026-09-22T10:24:44.119018+08:00,0,0.66,0.34,0.33,jev-1.13.0,1268.46,310,31
955,random-bits-20260922-101742-274937,755,2026-09-22T10:24:45.387771+08:00,0,0.7,0.3,0.4,jev-1.13.0,1427.38,310,31
956,random-bits-20260922-101742-274937,756,2026-09-22T10:24:46.815352+08:00,0,0.69,0.31,0.38,jev-1.13.0,514.49,310,31
957,random-bits-20260922-101742-274937,757,2026-09-22T10:24:47.330119+08:00,0,0.68,0.32,0.36,jev-1.13.0,486.56,310,31
958,random-bits-20260922-101742-274937,758,2026-09-22T10:24:47.816910+08:00,0,0.69,0.31,0.37,jev-1.13.0,459.49,310,31
959,random-bits-20260922-101742-274937,759,2026-09-22T10:24:48.276619+08:00,0,0.69,0.31,0.37,jev-1.13.0,506.46,310,31
960,random-bits-20260922-101742-274937,760,2026-09-22T10:24:48.783358+08:00,0,0.67,0.33,0.34,jev-1.13.0,458.25,310,31
961,random-bits-20260922-101742-274937,761,2026-09-22T10:24:49.241926+08:00,0,0.69,0.31,0.38,jev-1.13.0,445.42,310,31
962,random-bits-20260922-101742-274937,762,2026-09-22T10:24:49.687597+08:00,0,0.69,0.31,0.37,jev-1.13.0,1531.81,310,31
963,random-bits-20260922-101742-274937,763,2026-09-22T10:24:51.219632+08:00,0,0.68,0.32,0.36,jev-1.13.0,443.56,310,31
964,random-bits-20260922-101742-274937,764,2026-09-22T10:24:51.663461+08:00,0,0.68,0.32,0.35,jev-1.13.0,486.62,310,31
965,random-bits-20260922-101742-274937,765,2026-09-22T10:24:52.150408+08:00,0,0.7,0.3,0.39,jev-1.13.0,786.25,310,31
966,random-bits-20260922-101742-274937,766,2026-09-22T10:24:52.936970+08:00,0,0.68,0.32,0.36,jev-1.13.0,456.87,310,31
967,random-bits-20260922-101742-274937,767,2026-09-22T10:24:53.394061+08:00,0,0.69,0.31,0.37,jev-1.13.0,1507.23,310,31
968,random-bits-20260922-101742-274937,768,2026-09-22T10:24:54.901588+08:00,0,0.66,0.34,0.33,jev-1.13.0,820.62,310,31
969,random-bits-20260922-101742-274937,769,2026-09-22T10:24:55.722439+08:00,0,0.66,0.34,0.33,jev-1.13.0,481.91,310,31
970,random-bits-20260922-101742-274937,770,2026-09-22T10:24:56.204574+08:00,0,0.69,0.31,0.38,jev-1.13.0,479.55,310,31
971,random-bits-20260922-101742-274937,771,2026-09-22T10:24:56.684393+08:00,0,0.7,0.3,0.4,jev-1.13.0,500.4,310,31
972,random-bits-20260922-101742-274937,772,2026-09-22T10:24:57.185001+08:00,0,0.69,0.31,0.39,jev-1.13.0,471.54,310,31
973,random-bits-20260922-101742-274937,773,2026-09-22T10:24:57.656772+08:00,0,0.71,0.29,0.41,jev-1.13.0,824.73,310,31
974,random-bits-20260922-101742-274937,774,2026-09-22T10:24:58.481716+08:00,0,0.68,0.32,0.36,jev-1.13.0,775.19,310,31
975,random-bits-20260922-101742-274937,775,2026-09-22T10:24:59.257221+08:00,0,0.69,0.31,0.38,jev-1.13.0,479.14,310,31
976,random-bits-20260922-101742-274937,776,2026-09-22T10:24:59.736807+08:00,0,0.71,0.29,0.42,jev-1.13.0,501.6,310,31
977,random-bits-20260922-101742-274937,777,2026-09-22T10:25:00.238629+08:00,0,0.7,0.3,0.4,jev-1.13.0,441.15,310,31
978,random-bits-20260922-101742-274937,778,2026-09-22T10:25:00.680052+08:00,0,0.69,0.31,0.39,jev-1.13.0,460.83,310,31
979,random-bits-20260922-101742-274937,779,2026-09-22T10:25:01.141188+08:00,0,0.69,0.31,0.39,jev-1.13.0,453.41,310,31
980,random-bits-20260922-101742-274937,780,2026-09-22T10:25:01.594829+08:00,0,0.7,0.3,0.4,jev-1.13.0,479.96,310,31
981,random-bits-20260922-101742-274937,781,2026-09-22T10:25:02.075034+08:00,0,0.7,0.3,0.4,jev-1.13.0,494.7,310,31
982,random-bits-20260922-101742-274937,782,2026-09-22T10:25:02.569944+08:00,0,0.69,0.31,0.38,jev-1.13.0,492.78,310,31
983,random-bits-20260922-101742-274937,783,2026-09-22T10:25:03.063013+08:00,0,0.67,0.33,0.35,jev-1.13.0,457.4,310,31
984,random-bits-20260922-101742-274937,784,2026-09-22T10:25:03.520646+08:00,0,0.68,0.32,0.35,jev-1.13.0,559.24,310,31
985,random-bits-20260922-101742-274937,785,2026-09-22T10:25:04.080106+08:00,0,0.7,0.3,0.39,jev-1.13.0,510.06,310,31
986,random-bits-20260922-101742-274937,786,2026-09-22T10:25:04.590463+08:00,0,0.69,0.31,0.38,jev-1.13.0,996.4,310,31
987,random-bits-20260922-101742-274937,787,2026-09-22T10:25:05.587084+08:00,0,0.71,0.29,0.42,jev-1.13.0,594.31,310,31
988,random-bits-20260922-101742-274937,788,2026-09-22T10:25:06.181670+08:00,0,0.7,0.3,0.4,jev-1.13.0,488.3,310,31
989,random-bits-20260922-101742-274937,789,2026-09-22T10:25:06.670237+08:00,0,0.67,0.33,0.33,jev-1.13.0,452.65,310,31
990,random-bits-20260922-101742-274937,790,2026-09-22T10:25:07.123144+08:00,0,0.7,0.3,0.39,jev-1.13.0,516.97,310,31
991,random-bits-20260922-101742-274937,791,2026-09-22T10:25:07.640424+08:00,0,0.71,0.29,0.42,jev-1.13.0,463.88,310,31
992,random-bits-20260922-101742-274937,792,2026-09-22T10:25:08.104515+08:00,0,0.72,0.28,0.43,jev-1.13.0,936.03,310,31
993,random-bits-20260922-101742-274937,793,2026-09-22T10:25:09.040833+08:00,0,0.68,0.32,0.37,jev-1.13.0,486.47,310,31
994,random-bits-20260922-101742-274937,794,2026-09-22T10:25:09.527578+08:00,0,0.69,0.31,0.37,jev-1.13.0,415.82,310,31
995,random-bits-20260922-101742-274937,795,2026-09-22T10:25:09.943810+08:00,0,0.67,0.33,0.33,jev-1.13.0,867.78,310,31
996,random-bits-20260922-101742-274937,796,2026-09-22T10:25:10.811932+08:00,0,0.67,0.33,0.34,jev-1.13.0,498.38,310,31
997,random-bits-20260922-101742-274937,797,2026-09-22T10:25:11.310625+08:00,0,0.71,0.29,0.42,jev-1.13.0,445.94,310,31
998,random-bits-20260922-101742-274937,798,2026-09-22T10:25:11.756890+08:00,0,0.7,0.3,0.41,jev-1.13.0,467.79,310,31
999,random-bits-20260922-101742-274937,799,2026-09-22T10:25:12.224987+08:00,0,0.69,0.31,0.38,jev-1.13.0,895.39,310,31
1000,random-bits-20260922-101742-274937,800,2026-09-22T10:25:13.120666+08:00,0,0.68,0.32,0.36,jev-1.13.0,529.22,310,31
